freq,age,unit,sex,geo,time,value
Annual,From 15 to 74 years,Percentage of population in the labour force,Total,European Union - 27 countries (from 2020),2014,11.0
Annual,From 15 to 74 years,Percentage of population in the labour force,Total,European Union - 27 countries (from 2020),2015,10.2
Annual,From 15 to 74 years,Percentage of population in the labour force,Total,European Union - 27 countries (from 2020),2016,9.3
Annual,From 15 to 74 years,Percentage of population in the labour force,Total,European Union - 27 countries (from 2020),2017,8.3
Annual,From 15 to 74 years,Percentage of population in the labour force,Total,European Union - 27 countries (from 2020),2018,7.4
Annual,From 15 to 74 years,Percentage of population in the labour force,Total,European Union - 27 countries (from 2020),2019,6.8
Annual,From 15 to 74 years,Percentage of population in the labour force,Total,European Union - 27 countries (from 2020),2020,7.2
Annual,From 15 to 74 years,Percentage of population in the labour force,Total,European Union - 27 countries (from 2020),2021,7.1
Annual,From 15 to 74 years,Percentage of population in the labour force,Total,European Union - 27 countries (from 2020),2022,6.2
Annual,From 15 to 74 years,Percentage of population in the labour force,Total,European Union - 27 countries (from 2020),2023,6.1
Annual,From 15 to 74 years,Percentage of population in the labour force,Total,European Union - 27 countries (from 2020),2024,6.0
Annual,From 15 to 74 years,Percentage of population in the labour force,Total,European Union - 27 countries (from 2020),2025,6.0
Annual,From 15 to 74 years,Percentage of population in the labour force,Total,Euro area – 21 countries (from 2026),2014,11.8
Annual,From 15 to 74 years,Percentage of population in the labour force,Total,Euro area – 21 countries (from 2026),2015,11.0
Annual,From 15 to 74 years,Percentage of population in the labour force,Total,Euro area – 21 countries (from 2026),2016,10.1
Annual,From 15 to 74 years,Percentage of population in the labour force,Total,Euro area – 21 countries (from 2026),2017,9.1
Annual,From 15 to 74 years,Percentage of population in the labour force,Total,Euro area – 21 countries (from 2026),2018,8.2
Annual,From 15 to 74 years,Percentage of population in the labour force,Total,Euro area – 21 countries (from 2026),2019,7.6
Annual,From 15 to 74 years,Percentage of population in the labour force,Total,Euro area – 21 countries (from 2026),2020,7.9
Annual,From 15 to 74 years,Percentage of population in the labour force,Total,Euro area – 21 countries (from 2026),2021,7.7
Annual,From 15 to 74 years,Percentage of population in the labour force,Total,Euro area – 21 countries (from 2026),2022,6.7
Annual,From 15 to 74 years,Percentage of population in the labour force,Total,Euro area – 21 countries (from 2026),2023,6.5
Annual,From 15 to 74 years,Percentage of population in the labour force,Total,Euro area – 21 countries (from 2026),2024,6.4
Annual,From 15 to 74 years,Percentage of population in the labour force,Total,Euro area – 21 countries (from 2026),2025,6.4
Annual,From 15 to 74 years,Percentage of population in the labour force,Total,Euro area – 20 countries (2023-2025),2014,11.7
Annual,From 15 to 74 years,Percentage of population in the labour force,Total,Euro area – 20 countries (2023-2025),2015,11.0
Annual,From 15 to 74 years,Percentage of population in the labour force,Total,Euro area – 20 countries (2023-2025),2016,10.1
Annual,From 15 to 74 years,Percentage of population in the labour force,Total,Euro area – 20 countries (2023-2025),2017,9.1
Annual,From 15 to 74 years,Percentage of population in the labour force,Total,Euro area – 20 countries (2023-2025),2018,8.2
Annual,From 15 to 74 years,Percentage of population in the labour force,Total,Euro area – 20 countries (2023-2025),2019,7.6
Annual,From 15 to 74 years,Percentage of population in the labour force,Total,Euro area – 20 countries (2023-2025),2020,8.0
Annual,From 15 to 74 years,Percentage of population in the labour force,Total,Euro area – 20 countries (2023-2025),2021,7.8
Annual,From 15 to 74 years,Percentage of population in the labour force,Total,Euro area – 20 countries (2023-2025),2022,6.8
Annual,From 15 to 74 years,Percentage of population in the labour force,Total,Euro area – 20 countries (2023-2025),2023,6.6
Annual,From 15 to 74 years,Percentage of population in the labour force,Total,Euro area – 20 countries (2023-2025),2024,6.4
Annual,From 15 to 74 years,Percentage of population in the labour force,Total,Euro area – 20 countries (2023-2025),2025,6.4
Annual,From 15 to 74 years,Percentage of population in the labour force,Total,Euro area - 19 countries  (2015-2022),2014,
Annual,From 15 to 74 years,Percentage of population in the labour force,Total,Euro area - 19 countries  (2015-2022),2015,
Annual,From 15 to 74 years,Percentage of population in the labour force,Total,Euro area - 19 countries  (2015-2022),2016,
Annual,From 15 to 74 years,Percentage of population in the labour force,Total,Euro area - 19 countries  (2015-2022),2017,
Annual,From 15 to 74 years,Percentage of population in the labour force,Total,Euro area - 19 countries  (2015-2022),2018,
Annual,From 15 to 74 years,Percentage of population in the labour force,Total,Euro area - 19 countries  (2015-2022),2019,
Annual,From 15 to 74 years,Percentage of population in the labour force,Total,Euro area - 19 countries  (2015-2022),2020,
Annual,From 15 to 74 years,Percentage of population in the labour force,Total,Euro area - 19 countries  (2015-2022),2021,
Annual,From 15 to 74 years,Percentage of population in the labour force,Total,Euro area - 19 countries  (2015-2022),2022,
Annual,From 15 to 74 years,Percentage of population in the labour force,Total,Euro area - 19 countries  (2015-2022),2023,
Annual,From 15 to 74 years,Percentage of population in the labour force,Total,Euro area - 19 countries  (2015-2022),2024,
Annual,From 15 to 74 years,Percentage of population in the labour force,Total,Euro area - 19 countries  (2015-2022),2025,
Annual,From 15 to 74 years,Percentage of population in the labour force,Total,Belgium,2014,8.7
Annual,From 15 to 74 years,Percentage of population in the labour force,Total,Belgium,2015,8.7
Annual,From 15 to 74 years,Percentage of population in the labour force,Total,Belgium,2016,7.9
Annual,From 15 to 74 years,Percentage of population in the labour force,Total,Belgium,2017,7.2
Annual,From 15 to 74 years,Percentage of population in the labour force,Total,Belgium,2018,6.0
Annual,From 15 to 74 years,Percentage of population in the labour force,Total,Belgium,2019,5.5
Annual,From 15 to 74 years,Percentage of population in the labour force,Total,Belgium,2020,5.8
Annual,From 15 to 74 years,Percentage of population in the labour force,Total,Belgium,2021,6.3
Annual,From 15 to 74 years,Percentage of population in the labour force,Total,Belgium,2022,5.6
Annual,From 15 to 74 years,Percentage of population in the labour force,Total,Belgium,2023,5.5
Annual,From 15 to 74 years,Percentage of population in the labour force,Total,Belgium,2024,5.7
Annual,From 15 to 74 years,Percentage of population in the labour force,Total,Belgium,2025,6.2
Annual,From 15 to 74 years,Percentage of population in the labour force,Total,Bulgaria,2014,12.4
Annual,From 15 to 74 years,Percentage of population in the labour force,Total,Bulgaria,2015,10.1
Annual,From 15 to 74 years,Percentage of population in the labour force,Total,Bulgaria,2016,8.6
Annual,From 15 to 74 years,Percentage of population in the labour force,Total,Bulgaria,2017,7.2
Annual,From 15 to 74 years,Percentage of population in the labour force,Total,Bulgaria,2018,6.2
Annual,From 15 to 74 years,Percentage of population in the labour force,Total,Bulgaria,2019,5.2
Annual,From 15 to 74 years,Percentage of population in the labour force,Total,Bulgaria,2020,6.1
Annual,From 15 to 74 years,Percentage of population in the labour force,Total,Bulgaria,2021,5.2
Annual,From 15 to 74 years,Percentage of population in the labour force,Total,Bulgaria,2022,4.2
Annual,From 15 to 74 years,Percentage of population in the labour force,Total,Bulgaria,2023,4.3
Annual,From 15 to 74 years,Percentage of population in the labour force,Total,Bulgaria,2024,4.2
Annual,From 15 to 74 years,Percentage of population in the labour force,Total,Bulgaria,2025,3.5
Annual,From 15 to 74 years,Percentage of population in the labour force,Total,Czechia,2014,6.1
Annual,From 15 to 74 years,Percentage of population in the labour force,Total,Czechia,2015,5.1
Annual,From 15 to 74 years,Percentage of population in the labour force,Total,Czechia,2016,4.0
Annual,From 15 to 74 years,Percentage of population in the labour force,Total,Czechia,2017,2.9
Annual,From 15 to 74 years,Percentage of population in the labour force,Total,Czechia,2018,2.2
Annual,From 15 to 74 years,Percentage of population in the labour force,Total,Czechia,2019,2.0
Annual,From 15 to 74 years,Percentage of population in the labour force,Total,Czechia,2020,2.6
Annual,From 15 to 74 years,Percentage of population in the labour force,Total,Czechia,2021,2.8
Annual,From 15 to 74 years,Percentage of population in the labour force,Total,Czechia,2022,2.2
Annual,From 15 to 74 years,Percentage of population in the labour force,Total,Czechia,2023,2.6
Annual,From 15 to 74 years,Percentage of population in the labour force,Total,Czechia,2024,2.6
Annual,From 15 to 74 years,Percentage of population in the labour force,Total,Czechia,2025,2.8
Annual,From 15 to 74 years,Percentage of population in the labour force,Total,Denmark,2014,6.9
Annual,From 15 to 74 years,Percentage of population in the labour force,Total,Denmark,2015,6.3
Annual,From 15 to 74 years,Percentage of population in the labour force,Total,Denmark,2016,6.0
Annual,From 15 to 74 years,Percentage of population in the labour force,Total,Denmark,2017,5.8
Annual,From 15 to 74 years,Percentage of population in the labour force,Total,Denmark,2018,5.1
Annual,From 15 to 74 years,Percentage of population in the labour force,Total,Denmark,2019,5.0
Annual,From 15 to 74 years,Percentage of population in the labour force,Total,Denmark,2020,5.6
Annual,From 15 to 74 years,Percentage of population in the labour force,Total,Denmark,2021,5.1
Annual,From 15 to 74 years,Percentage of population in the labour force,Total,Denmark,2022,4.5
Annual,From 15 to 74 years,Percentage of population in the labour force,Total,Denmark,2023,5.1
Annual,From 15 to 74 years,Percentage of population in the labour force,Total,Denmark,2024,6.2
Annual,From 15 to 74 years,Percentage of population in the labour force,Total,Denmark,2025,6.4
Annual,From 15 to 74 years,Percentage of population in the labour force,Total,Germany,2014,4.7
Annual,From 15 to 74 years,Percentage of population in the labour force,Total,Germany,2015,4.4
Annual,From 15 to 74 years,Percentage of population in the labour force,Total,Germany,2016,3.9
Annual,From 15 to 74 years,Percentage of population in the labour force,Total,Germany,2017,3.5
Annual,From 15 to 74 years,Percentage of population in the labour force,Total,Germany,2018,3.2
Annual,From 15 to 74 years,Percentage of population in the labour force,Total,Germany,2019,2.9
Annual,From 15 to 74 years,Percentage of population in the labour force,Total,Germany,2020,3.6
Annual,From 15 to 74 years,Percentage of population in the labour force,Total,Germany,2021,3.6
Annual,From 15 to 74 years,Percentage of population in the labour force,Total,Germany,2022,3.1
Annual,From 15 to 74 years,Percentage of population in the labour force,Total,Germany,2023,3.1
Annual,From 15 to 74 years,Percentage of population in the labour force,Total,Germany,2024,3.5
Annual,From 15 to 74 years,Percentage of population in the labour force,Total,Germany,2025,3.8
Annual,From 15 to 74 years,Percentage of population in the labour force,Total,Estonia,2014,7.3
Annual,From 15 to 74 years,Percentage of population in the labour force,Total,Estonia,2015,6.4
Annual,From 15 to 74 years,Percentage of population in the labour force,Total,Estonia,2016,6.8
Annual,From 15 to 74 years,Percentage of population in the labour force,Total,Estonia,2017,5.8
Annual,From 15 to 74 years,Percentage of population in the labour force,Total,Estonia,2018,5.4
Annual,From 15 to 74 years,Percentage of population in the labour force,Total,Estonia,2019,4.5
Annual,From 15 to 74 years,Percentage of population in the labour force,Total,Estonia,2020,6.9
Annual,From 15 to 74 years,Percentage of population in the labour force,Total,Estonia,2021,6.2
Annual,From 15 to 74 years,Percentage of population in the labour force,Total,Estonia,2022,5.6
Annual,From 15 to 74 years,Percentage of population in the labour force,Total,Estonia,2023,6.4
Annual,From 15 to 74 years,Percentage of population in the labour force,Total,Estonia,2024,7.6
Annual,From 15 to 74 years,Percentage of population in the labour force,Total,Estonia,2025,7.5
Annual,From 15 to 74 years,Percentage of population in the labour force,Total,Ireland,2014,11.9
Annual,From 15 to 74 years,Percentage of population in the labour force,Total,Ireland,2015,9.9
Annual,From 15 to 74 years,Percentage of population in the labour force,Total,Ireland,2016,8.4
Annual,From 15 to 74 years,Percentage of population in the labour force,Total,Ireland,2017,6.7
Annual,From 15 to 74 years,Percentage of population in the labour force,Total,Ireland,2018,5.8
Annual,From 15 to 74 years,Percentage of population in the labour force,Total,Ireland,2019,5.0
Annual,From 15 to 74 years,Percentage of population in the labour force,Total,Ireland,2020,5.9
Annual,From 15 to 74 years,Percentage of population in the labour force,Total,Ireland,2021,6.2
Annual,From 15 to 74 years,Percentage of population in the labour force,Total,Ireland,2022,4.5
Annual,From 15 to 74 years,Percentage of population in the labour force,Total,Ireland,2023,4.3
Annual,From 15 to 74 years,Percentage of population in the labour force,Total,Ireland,2024,4.3
Annual,From 15 to 74 years,Percentage of population in the labour force,Total,Ireland,2025,4.7
Annual,From 15 to 74 years,Percentage of population in the labour force,Total,Greece,2014,26.6
Annual,From 15 to 74 years,Percentage of population in the labour force,Total,Greece,2015,25.0
Annual,From 15 to 74 years,Percentage of population in the labour force,Total,Greece,2016,23.9
Annual,From 15 to 74 years,Percentage of population in the labour force,Total,Greece,2017,21.8
Annual,From 15 to 74 years,Percentage of population in the labour force,Total,Greece,2018,19.7
Annual,From 15 to 74 years,Percentage of population in the labour force,Total,Greece,2019,17.9
Annual,From 15 to 74 years,Percentage of population in the labour force,Total,Greece,2020,17.6
Annual,From 15 to 74 years,Percentage of population in the labour force,Total,Greece,2021,14.7
Annual,From 15 to 74 years,Percentage of population in the labour force,Total,Greece,2022,12.5
Annual,From 15 to 74 years,Percentage of population in the labour force,Total,Greece,2023,11.1
Annual,From 15 to 74 years,Percentage of population in the labour force,Total,Greece,2024,10.1
Annual,From 15 to 74 years,Percentage of population in the labour force,Total,Greece,2025,8.9
Annual,From 15 to 74 years,Percentage of population in the labour force,Total,Spain,2014,24.5
Annual,From 15 to 74 years,Percentage of population in the labour force,Total,Spain,2015,22.1
Annual,From 15 to 74 years,Percentage of population in the labour force,Total,Spain,2016,19.6
Annual,From 15 to 74 years,Percentage of population in the labour force,Total,Spain,2017,17.2
Annual,From 15 to 74 years,Percentage of population in the labour force,Total,Spain,2018,15.3
Annual,From 15 to 74 years,Percentage of population in the labour force,Total,Spain,2019,14.1
Annual,From 15 to 74 years,Percentage of population in the labour force,Total,Spain,2020,15.5
Annual,From 15 to 74 years,Percentage of population in the labour force,Total,Spain,2021,14.9
Annual,From 15 to 74 years,Percentage of population in the labour force,Total,Spain,2022,13.0
Annual,From 15 to 74 years,Percentage of population in the labour force,Total,Spain,2023,12.2
Annual,From 15 to 74 years,Percentage of population in the labour force,Total,Spain,2024,11.4
Annual,From 15 to 74 years,Percentage of population in the labour force,Total,Spain,2025,10.5
Annual,From 15 to 74 years,Percentage of population in the labour force,Total,France,2014,10.3
Annual,From 15 to 74 years,Percentage of population in the labour force,Total,France,2015,10.3
Annual,From 15 to 74 years,Percentage of population in the labour force,Total,France,2016,10.1
Annual,From 15 to 74 years,Percentage of population in the labour force,Total,France,2017,9.4
Annual,From 15 to 74 years,Percentage of population in the labour force,Total,France,2018,9.0
Annual,From 15 to 74 years,Percentage of population in the labour force,Total,France,2019,8.4
Annual,From 15 to 74 years,Percentage of population in the labour force,Total,France,2020,8.0
Annual,From 15 to 74 years,Percentage of population in the labour force,Total,France,2021,7.9
Annual,From 15 to 74 years,Percentage of population in the labour force,Total,France,2022,7.3
Annual,From 15 to 74 years,Percentage of population in the labour force,Total,France,2023,7.3
Annual,From 15 to 74 years,Percentage of population in the labour force,Total,France,2024,7.4
Annual,From 15 to 74 years,Percentage of population in the labour force,Total,France,2025,7.7
Annual,From 15 to 74 years,Percentage of population in the labour force,Total,Croatia,2014,17.3
Annual,From 15 to 74 years,Percentage of population in the labour force,Total,Croatia,2015,16.2
Annual,From 15 to 74 years,Percentage of population in the labour force,Total,Croatia,2016,13.0
Annual,From 15 to 74 years,Percentage of population in the labour force,Total,Croatia,2017,11.1
Annual,From 15 to 74 years,Percentage of population in the labour force,Total,Croatia,2018,8.3
Annual,From 15 to 74 years,Percentage of population in the labour force,Total,Croatia,2019,6.6
Annual,From 15 to 74 years,Percentage of population in the labour force,Total,Croatia,2020,7.4
Annual,From 15 to 74 years,Percentage of population in the labour force,Total,Croatia,2021,7.5
Annual,From 15 to 74 years,Percentage of population in the labour force,Total,Croatia,2022,6.8
Annual,From 15 to 74 years,Percentage of population in the labour force,Total,Croatia,2023,6.1
Annual,From 15 to 74 years,Percentage of population in the labour force,Total,Croatia,2024,5.0
Annual,From 15 to 74 years,Percentage of population in the labour force,Total,Croatia,2025,4.9
Annual,From 15 to 74 years,Percentage of population in the labour force,Total,Italy,2014,12.9
Annual,From 15 to 74 years,Percentage of population in the labour force,Total,Italy,2015,12.0
Annual,From 15 to 74 years,Percentage of population in the labour force,Total,Italy,2016,11.7
Annual,From 15 to 74 years,Percentage of population in the labour force,Total,Italy,2017,11.3
Annual,From 15 to 74 years,Percentage of population in the labour force,Total,Italy,2018,10.6
Annual,From 15 to 74 years,Percentage of population in the labour force,Total,Italy,2019,9.9
Annual,From 15 to 74 years,Percentage of population in the labour force,Total,Italy,2020,9.3
Annual,From 15 to 74 years,Percentage of population in the labour force,Total,Italy,2021,9.5
Annual,From 15 to 74 years,Percentage of population in the labour force,Total,Italy,2022,8.1
Annual,From 15 to 74 years,Percentage of population in the labour force,Total,Italy,2023,7.7
Annual,From 15 to 74 years,Percentage of population in the labour force,Total,Italy,2024,6.5
Annual,From 15 to 74 years,Percentage of population in the labour force,Total,Italy,2025,6.1
Annual,From 15 to 74 years,Percentage of population in the labour force,Total,Cyprus,2014,16.1
Annual,From 15 to 74 years,Percentage of population in the labour force,Total,Cyprus,2015,15.0
Annual,From 15 to 74 years,Percentage of population in the labour force,Total,Cyprus,2016,13.0
Annual,From 15 to 74 years,Percentage of population in the labour force,Total,Cyprus,2017,11.1
Annual,From 15 to 74 years,Percentage of population in the labour force,Total,Cyprus,2018,8.4
Annual,From 15 to 74 years,Percentage of population in the labour force,Total,Cyprus,2019,7.2
Annual,From 15 to 74 years,Percentage of population in the labour force,Total,Cyprus,2020,7.6
Annual,From 15 to 74 years,Percentage of population in the labour force,Total,Cyprus,2021,7.2
Annual,From 15 to 74 years,Percentage of population in the labour force,Total,Cyprus,2022,6.3
Annual,From 15 to 74 years,Percentage of population in the labour force,Total,Cyprus,2023,5.8
Annual,From 15 to 74 years,Percentage of population in the labour force,Total,Cyprus,2024,4.8
Annual,From 15 to 74 years,Percentage of population in the labour force,Total,Cyprus,2025,4.4
Annual,From 15 to 74 years,Percentage of population in the labour force,Total,Latvia,2014,10.9
Annual,From 15 to 74 years,Percentage of population in the labour force,Total,Latvia,2015,9.9
Annual,From 15 to 74 years,Percentage of population in the labour force,Total,Latvia,2016,9.7
Annual,From 15 to 74 years,Percentage of population in the labour force,Total,Latvia,2017,8.7
Annual,From 15 to 74 years,Percentage of population in the labour force,Total,Latvia,2018,7.4
Annual,From 15 to 74 years,Percentage of population in the labour force,Total,Latvia,2019,6.3
Annual,From 15 to 74 years,Percentage of population in the labour force,Total,Latvia,2020,8.1
Annual,From 15 to 74 years,Percentage of population in the labour force,Total,Latvia,2021,7.6
Annual,From 15 to 74 years,Percentage of population in the labour force,Total,Latvia,2022,6.9
Annual,From 15 to 74 years,Percentage of population in the labour force,Total,Latvia,2023,6.5
Annual,From 15 to 74 years,Percentage of population in the labour force,Total,Latvia,2024,6.9
Annual,From 15 to 74 years,Percentage of population in the labour force,Total,Latvia,2025,6.9
Annual,From 15 to 74 years,Percentage of population in the labour force,Total,Lithuania,2014,10.7
Annual,From 15 to 74 years,Percentage of population in the labour force,Total,Lithuania,2015,9.1
Annual,From 15 to 74 years,Percentage of population in the labour force,Total,Lithuania,2016,7.9
Annual,From 15 to 74 years,Percentage of population in the labour force,Total,Lithuania,2017,7.1
Annual,From 15 to 74 years,Percentage of population in the labour force,Total,Lithuania,2018,6.2
Annual,From 15 to 74 years,Percentage of population in the labour force,Total,Lithuania,2019,6.3
Annual,From 15 to 74 years,Percentage of population in the labour force,Total,Lithuania,2020,8.5
Annual,From 15 to 74 years,Percentage of population in the labour force,Total,Lithuania,2021,7.1
Annual,From 15 to 74 years,Percentage of population in the labour force,Total,Lithuania,2022,6.0
Annual,From 15 to 74 years,Percentage of population in the labour force,Total,Lithuania,2023,6.9
Annual,From 15 to 74 years,Percentage of population in the labour force,Total,Lithuania,2024,7.1
Annual,From 15 to 74 years,Percentage of population in the labour force,Total,Lithuania,2025,6.9
Annual,From 15 to 74 years,Percentage of population in the labour force,Total,Luxembourg,2014,5.9
Annual,From 15 to 74 years,Percentage of population in the labour force,Total,Luxembourg,2015,6.7
Annual,From 15 to 74 years,Percentage of population in the labour force,Total,Luxembourg,2016,6.3
Annual,From 15 to 74 years,Percentage of population in the labour force,Total,Luxembourg,2017,5.5
Annual,From 15 to 74 years,Percentage of population in the labour force,Total,Luxembourg,2018,5.6
Annual,From 15 to 74 years,Percentage of population in the labour force,Total,Luxembourg,2019,5.6
Annual,From 15 to 74 years,Percentage of population in the labour force,Total,Luxembourg,2020,6.8
Annual,From 15 to 74 years,Percentage of population in the labour force,Total,Luxembourg,2021,5.3
Annual,From 15 to 74 years,Percentage of population in the labour force,Total,Luxembourg,2022,4.6
Annual,From 15 to 74 years,Percentage of population in the labour force,Total,Luxembourg,2023,5.2
Annual,From 15 to 74 years,Percentage of population in the labour force,Total,Luxembourg,2024,6.4
Annual,From 15 to 74 years,Percentage of population in the labour force,Total,Luxembourg,2025,6.5
Annual,From 15 to 74 years,Percentage of population in the labour force,Total,Hungary,2014,7.5
Annual,From 15 to 74 years,Percentage of population in the labour force,Total,Hungary,2015,6.6
Annual,From 15 to 74 years,Percentage of population in the labour force,Total,Hungary,2016,5.0
Annual,From 15 to 74 years,Percentage of population in the labour force,Total,Hungary,2017,4.0
Annual,From 15 to 74 years,Percentage of population in the labour force,Total,Hungary,2018,3.6
Annual,From 15 to 74 years,Percentage of population in the labour force,Total,Hungary,2019,3.3
Annual,From 15 to 74 years,Percentage of population in the labour force,Total,Hungary,2020,4.1
Annual,From 15 to 74 years,Percentage of population in the labour force,Total,Hungary,2021,4.0
Annual,From 15 to 74 years,Percentage of population in the labour force,Total,Hungary,2022,3.6
Annual,From 15 to 74 years,Percentage of population in the labour force,Total,Hungary,2023,4.1
Annual,From 15 to 74 years,Percentage of population in the labour force,Total,Hungary,2024,4.5
Annual,From 15 to 74 years,Percentage of population in the labour force,Total,Hungary,2025,4.4
Annual,From 15 to 74 years,Percentage of population in the labour force,Total,Malta,2014,5.7
Annual,From 15 to 74 years,Percentage of population in the labour force,Total,Malta,2015,5.4
Annual,From 15 to 74 years,Percentage of population in the labour force,Total,Malta,2016,4.7
Annual,From 15 to 74 years,Percentage of population in the labour force,Total,Malta,2017,4.0
Annual,From 15 to 74 years,Percentage of population in the labour force,Total,Malta,2018,4.0
Annual,From 15 to 74 years,Percentage of population in the labour force,Total,Malta,2019,4.1
Annual,From 15 to 74 years,Percentage of population in the labour force,Total,Malta,2020,4.9
Annual,From 15 to 74 years,Percentage of population in the labour force,Total,Malta,2021,3.8
Annual,From 15 to 74 years,Percentage of population in the labour force,Total,Malta,2022,3.5
Annual,From 15 to 74 years,Percentage of population in the labour force,Total,Malta,2023,3.5
Annual,From 15 to 74 years,Percentage of population in the labour force,Total,Malta,2024,3.2
Annual,From 15 to 74 years,Percentage of population in the labour force,Total,Malta,2025,3.1
Annual,From 15 to 74 years,Percentage of population in the labour force,Total,Netherlands,2014,8.4
Annual,From 15 to 74 years,Percentage of population in the labour force,Total,Netherlands,2015,7.9
Annual,From 15 to 74 years,Percentage of population in the labour force,Total,Netherlands,2016,7.0
Annual,From 15 to 74 years,Percentage of population in the labour force,Total,Netherlands,2017,5.9
Annual,From 15 to 74 years,Percentage of population in the labour force,Total,Netherlands,2018,4.9
Annual,From 15 to 74 years,Percentage of population in the labour force,Total,Netherlands,2019,4.4
Annual,From 15 to 74 years,Percentage of population in the labour force,Total,Netherlands,2020,4.9
Annual,From 15 to 74 years,Percentage of population in the labour force,Total,Netherlands,2021,4.2
Annual,From 15 to 74 years,Percentage of population in the labour force,Total,Netherlands,2022,3.5
Annual,From 15 to 74 years,Percentage of population in the labour force,Total,Netherlands,2023,3.6
Annual,From 15 to 74 years,Percentage of population in the labour force,Total,Netherlands,2024,3.7
Annual,From 15 to 74 years,Percentage of population in the labour force,Total,Netherlands,2025,3.9
Annual,From 15 to 74 years,Percentage of population in the labour force,Total,Austria,2014,6.0
Annual,From 15 to 74 years,Percentage of population in the labour force,Total,Austria,2015,6.1
Annual,From 15 to 74 years,Percentage of population in the labour force,Total,Austria,2016,6.5
Annual,From 15 to 74 years,Percentage of population in the labour force,Total,Austria,2017,5.9
Annual,From 15 to 74 years,Percentage of population in the labour force,Total,Austria,2018,5.2
Annual,From 15 to 74 years,Percentage of population in the labour force,Total,Austria,2019,4.8
Annual,From 15 to 74 years,Percentage of population in the labour force,Total,Austria,2020,6.0
Annual,From 15 to 74 years,Percentage of population in the labour force,Total,Austria,2021,6.2
Annual,From 15 to 74 years,Percentage of population in the labour force,Total,Austria,2022,4.8
Annual,From 15 to 74 years,Percentage of population in the labour force,Total,Austria,2023,5.1
Annual,From 15 to 74 years,Percentage of population in the labour force,Total,Austria,2024,5.2
Annual,From 15 to 74 years,Percentage of population in the labour force,Total,Austria,2025,5.7
Annual,From 15 to 74 years,Percentage of population in the labour force,Total,Poland,2014,9.2
Annual,From 15 to 74 years,Percentage of population in the labour force,Total,Poland,2015,7.7
Annual,From 15 to 74 years,Percentage of population in the labour force,Total,Poland,2016,6.3
Annual,From 15 to 74 years,Percentage of population in the labour force,Total,Poland,2017,5.0
Annual,From 15 to 74 years,Percentage of population in the labour force,Total,Poland,2018,3.9
Annual,From 15 to 74 years,Percentage of population in the labour force,Total,Poland,2019,3.3
Annual,From 15 to 74 years,Percentage of population in the labour force,Total,Poland,2020,3.2
Annual,From 15 to 74 years,Percentage of population in the labour force,Total,Poland,2021,3.4
Annual,From 15 to 74 years,Percentage of population in the labour force,Total,Poland,2022,2.9
Annual,From 15 to 74 years,Percentage of population in the labour force,Total,Poland,2023,2.8
Annual,From 15 to 74 years,Percentage of population in the labour force,Total,Poland,2024,2.9
Annual,From 15 to 74 years,Percentage of population in the labour force,Total,Poland,2025,3.1
Annual,From 15 to 74 years,Percentage of population in the labour force,Total,Portugal,2014,14.6
Annual,From 15 to 74 years,Percentage of population in the labour force,Total,Portugal,2015,13.0
Annual,From 15 to 74 years,Percentage of population in the labour force,Total,Portugal,2016,11.5
Annual,From 15 to 74 years,Percentage of population in the labour force,Total,Portugal,2017,9.2
Annual,From 15 to 74 years,Percentage of population in the labour force,Total,Portugal,2018,7.2
Annual,From 15 to 74 years,Percentage of population in the labour force,Total,Portugal,2019,6.6
Annual,From 15 to 74 years,Percentage of population in the labour force,Total,Portugal,2020,7.1
Annual,From 15 to 74 years,Percentage of population in the labour force,Total,Portugal,2021,6.7
Annual,From 15 to 74 years,Percentage of population in the labour force,Total,Portugal,2022,6.2
Annual,From 15 to 74 years,Percentage of population in the labour force,Total,Portugal,2023,6.5
Annual,From 15 to 74 years,Percentage of population in the labour force,Total,Portugal,2024,6.5
Annual,From 15 to 74 years,Percentage of population in the labour force,Total,Portugal,2025,6.0
Annual,From 15 to 74 years,Percentage of population in the labour force,Total,Romania,2014,8.6
Annual,From 15 to 74 years,Percentage of population in the labour force,Total,Romania,2015,8.4
Annual,From 15 to 74 years,Percentage of population in the labour force,Total,Romania,2016,7.2
Annual,From 15 to 74 years,Percentage of population in the labour force,Total,Romania,2017,6.1
Annual,From 15 to 74 years,Percentage of population in the labour force,Total,Romania,2018,5.3
Annual,From 15 to 74 years,Percentage of population in the labour force,Total,Romania,2019,4.9
Annual,From 15 to 74 years,Percentage of population in the labour force,Total,Romania,2020,6.1
Annual,From 15 to 74 years,Percentage of population in the labour force,Total,Romania,2021,5.6
Annual,From 15 to 74 years,Percentage of population in the labour force,Total,Romania,2022,5.6
Annual,From 15 to 74 years,Percentage of population in the labour force,Total,Romania,2023,5.6
Annual,From 15 to 74 years,Percentage of population in the labour force,Total,Romania,2024,5.4
Annual,From 15 to 74 years,Percentage of population in the labour force,Total,Romania,2025,6.1
Annual,From 15 to 74 years,Percentage of population in the labour force,Total,Slovenia,2014,9.7
Annual,From 15 to 74 years,Percentage of population in the labour force,Total,Slovenia,2015,9.0
Annual,From 15 to 74 years,Percentage of population in the labour force,Total,Slovenia,2016,8.0
Annual,From 15 to 74 years,Percentage of population in the labour force,Total,Slovenia,2017,6.6
Annual,From 15 to 74 years,Percentage of population in the labour force,Total,Slovenia,2018,5.1
Annual,From 15 to 74 years,Percentage of population in the labour force,Total,Slovenia,2019,4.4
Annual,From 15 to 74 years,Percentage of population in the labour force,Total,Slovenia,2020,5.0
Annual,From 15 to 74 years,Percentage of population in the labour force,Total,Slovenia,2021,4.8
Annual,From 15 to 74 years,Percentage of population in the labour force,Total,Slovenia,2022,4.0
Annual,From 15 to 74 years,Percentage of population in the labour force,Total,Slovenia,2023,3.7
Annual,From 15 to 74 years,Percentage of population in the labour force,Total,Slovenia,2024,3.7
Annual,From 15 to 74 years,Percentage of population in the labour force,Total,Slovenia,2025,3.9
Annual,From 15 to 74 years,Percentage of population in the labour force,Total,Slovakia,2014,13.1
Annual,From 15 to 74 years,Percentage of population in the labour force,Total,Slovakia,2015,11.5
Annual,From 15 to 74 years,Percentage of population in the labour force,Total,Slovakia,2016,9.6
Annual,From 15 to 74 years,Percentage of population in the labour force,Total,Slovakia,2017,8.1
Annual,From 15 to 74 years,Percentage of population in the labour force,Total,Slovakia,2018,6.5
Annual,From 15 to 74 years,Percentage of population in the labour force,Total,Slovakia,2019,5.7
Annual,From 15 to 74 years,Percentage of population in the labour force,Total,Slovakia,2020,6.7
Annual,From 15 to 74 years,Percentage of population in the labour force,Total,Slovakia,2021,6.8
Annual,From 15 to 74 years,Percentage of population in the labour force,Total,Slovakia,2022,6.1
Annual,From 15 to 74 years,Percentage of population in the labour force,Total,Slovakia,2023,5.8
Annual,From 15 to 74 years,Percentage of population in the labour force,Total,Slovakia,2024,5.3
Annual,From 15 to 74 years,Percentage of population in the labour force,Total,Slovakia,2025,5.4
Annual,From 15 to 74 years,Percentage of population in the labour force,Total,Finland,2014,8.7
Annual,From 15 to 74 years,Percentage of population in the labour force,Total,Finland,2015,9.4
Annual,From 15 to 74 years,Percentage of population in the labour force,Total,Finland,2016,8.9
Annual,From 15 to 74 years,Percentage of population in the labour force,Total,Finland,2017,8.7
Annual,From 15 to 74 years,Percentage of population in the labour force,Total,Finland,2018,7.5
Annual,From 15 to 74 years,Percentage of population in the labour force,Total,Finland,2019,6.8
Annual,From 15 to 74 years,Percentage of population in the labour force,Total,Finland,2020,7.7
Annual,From 15 to 74 years,Percentage of population in the labour force,Total,Finland,2021,7.7
Annual,From 15 to 74 years,Percentage of population in the labour force,Total,Finland,2022,6.8
Annual,From 15 to 74 years,Percentage of population in the labour force,Total,Finland,2023,7.2
Annual,From 15 to 74 years,Percentage of population in the labour force,Total,Finland,2024,8.4
Annual,From 15 to 74 years,Percentage of population in the labour force,Total,Finland,2025,9.7
Annual,From 15 to 74 years,Percentage of population in the labour force,Total,Sweden,2014,8.0
Annual,From 15 to 74 years,Percentage of population in the labour force,Total,Sweden,2015,7.5
Annual,From 15 to 74 years,Percentage of population in the labour force,Total,Sweden,2016,7.1
Annual,From 15 to 74 years,Percentage of population in the labour force,Total,Sweden,2017,6.8
Annual,From 15 to 74 years,Percentage of population in the labour force,Total,Sweden,2018,6.5
Annual,From 15 to 74 years,Percentage of population in the labour force,Total,Sweden,2019,6.9
Annual,From 15 to 74 years,Percentage of population in the labour force,Total,Sweden,2020,8.5
Annual,From 15 to 74 years,Percentage of population in the labour force,Total,Sweden,2021,8.9
Annual,From 15 to 74 years,Percentage of population in the labour force,Total,Sweden,2022,7.5
Annual,From 15 to 74 years,Percentage of population in the labour force,Total,Sweden,2023,7.7
Annual,From 15 to 74 years,Percentage of population in the labour force,Total,Sweden,2024,8.4
Annual,From 15 to 74 years,Percentage of population in the labour force,Total,Sweden,2025,8.8
Annual,From 15 to 74 years,Percentage of population in the labour force,Total,Iceland,2014,4.9
Annual,From 15 to 74 years,Percentage of population in the labour force,Total,Iceland,2015,4.0
Annual,From 15 to 74 years,Percentage of population in the labour force,Total,Iceland,2016,3.0
Annual,From 15 to 74 years,Percentage of population in the labour force,Total,Iceland,2017,2.7
Annual,From 15 to 74 years,Percentage of population in the labour force,Total,Iceland,2018,2.7
Annual,From 15 to 74 years,Percentage of population in the labour force,Total,Iceland,2019,3.5
Annual,From 15 to 74 years,Percentage of population in the labour force,Total,Iceland,2020,5.5
Annual,From 15 to 74 years,Percentage of population in the labour force,Total,Iceland,2021,6.1
Annual,From 15 to 74 years,Percentage of population in the labour force,Total,Iceland,2022,3.8
Annual,From 15 to 74 years,Percentage of population in the labour force,Total,Iceland,2023,3.5
Annual,From 15 to 74 years,Percentage of population in the labour force,Total,Iceland,2024,3.6
Annual,From 15 to 74 years,Percentage of population in the labour force,Total,Iceland,2025,4.5
Annual,From 15 to 74 years,Percentage of population in the labour force,Total,Liechtenstein,2014,
Annual,From 15 to 74 years,Percentage of population in the labour force,Total,Liechtenstein,2015,
Annual,From 15 to 74 years,Percentage of population in the labour force,Total,Liechtenstein,2016,
Annual,From 15 to 74 years,Percentage of population in the labour force,Total,Liechtenstein,2017,
Annual,From 15 to 74 years,Percentage of population in the labour force,Total,Liechtenstein,2018,
Annual,From 15 to 74 years,Percentage of population in the labour force,Total,Liechtenstein,2019,
Annual,From 15 to 74 years,Percentage of population in the labour force,Total,Liechtenstein,2020,
Annual,From 15 to 74 years,Percentage of population in the labour force,Total,Liechtenstein,2021,
Annual,From 15 to 74 years,Percentage of population in the labour force,Total,Liechtenstein,2022,
Annual,From 15 to 74 years,Percentage of population in the labour force,Total,Liechtenstein,2023,
Annual,From 15 to 74 years,Percentage of population in the labour force,Total,Liechtenstein,2024,
Annual,From 15 to 74 years,Percentage of population in the labour force,Total,Liechtenstein,2025,
Annual,From 15 to 74 years,Percentage of population in the labour force,Total,Norway,2014,3.8
Annual,From 15 to 74 years,Percentage of population in the labour force,Total,Norway,2015,4.7
Annual,From 15 to 74 years,Percentage of population in the labour force,Total,Norway,2016,4.9
Annual,From 15 to 74 years,Percentage of population in the labour force,Total,Norway,2017,4.4
Annual,From 15 to 74 years,Percentage of population in the labour force,Total,Norway,2018,4.0
Annual,From 15 to 74 years,Percentage of population in the labour force,Total,Norway,2019,3.9
Annual,From 15 to 74 years,Percentage of population in the labour force,Total,Norway,2020,4.7
Annual,From 15 to 74 years,Percentage of population in the labour force,Total,Norway,2021,4.4
Annual,From 15 to 74 years,Percentage of population in the labour force,Total,Norway,2022,3.2
Annual,From 15 to 74 years,Percentage of population in the labour force,Total,Norway,2023,3.6
Annual,From 15 to 74 years,Percentage of population in the labour force,Total,Norway,2024,4.0
Annual,From 15 to 74 years,Percentage of population in the labour force,Total,Norway,2025,4.5
Annual,From 15 to 74 years,Percentage of population in the labour force,Total,Switzerland,2014,4.9
Annual,From 15 to 74 years,Percentage of population in the labour force,Total,Switzerland,2015,4.8
Annual,From 15 to 74 years,Percentage of population in the labour force,Total,Switzerland,2016,5.0
Annual,From 15 to 74 years,Percentage of population in the labour force,Total,Switzerland,2017,4.8
Annual,From 15 to 74 years,Percentage of population in the labour force,Total,Switzerland,2018,4.7
Annual,From 15 to 74 years,Percentage of population in the labour force,Total,Switzerland,2019,4.4
Annual,From 15 to 74 years,Percentage of population in the labour force,Total,Switzerland,2020,4.8
Annual,From 15 to 74 years,Percentage of population in the labour force,Total,Switzerland,2021,5.1
Annual,From 15 to 74 years,Percentage of population in the labour force,Total,Switzerland,2022,4.1
Annual,From 15 to 74 years,Percentage of population in the labour force,Total,Switzerland,2023,4.1
Annual,From 15 to 74 years,Percentage of population in the labour force,Total,Switzerland,2024,4.4
Annual,From 15 to 74 years,Percentage of population in the labour force,Total,Switzerland,2025,4.9
Annual,From 15 to 74 years,Percentage of population in the labour force,Total,United Kingdom,2014,
Annual,From 15 to 74 years,Percentage of population in the labour force,Total,United Kingdom,2015,
Annual,From 15 to 74 years,Percentage of population in the labour force,Total,United Kingdom,2016,
Annual,From 15 to 74 years,Percentage of population in the labour force,Total,United Kingdom,2017,
Annual,From 15 to 74 years,Percentage of population in the labour force,Total,United Kingdom,2018,
Annual,From 15 to 74 years,Percentage of population in the labour force,Total,United Kingdom,2019,
Annual,From 15 to 74 years,Percentage of population in the labour force,Total,United Kingdom,2020,
Annual,From 15 to 74 years,Percentage of population in the labour force,Total,United Kingdom,2021,
Annual,From 15 to 74 years,Percentage of population in the labour force,Total,United Kingdom,2022,
Annual,From 15 to 74 years,Percentage of population in the labour force,Total,United Kingdom,2023,
Annual,From 15 to 74 years,Percentage of population in the labour force,Total,United Kingdom,2024,
Annual,From 15 to 74 years,Percentage of population in the labour force,Total,United Kingdom,2025,
Annual,From 15 to 74 years,Percentage of population in the labour force,Total,Montenegro,2014,18.0
Annual,From 15 to 74 years,Percentage of population in the labour force,Total,Montenegro,2015,17.6
Annual,From 15 to 74 years,Percentage of population in the labour force,Total,Montenegro,2016,17.8
Annual,From 15 to 74 years,Percentage of population in the labour force,Total,Montenegro,2017,16.1
Annual,From 15 to 74 years,Percentage of population in the labour force,Total,Montenegro,2018,15.2
Annual,From 15 to 74 years,Percentage of population in the labour force,Total,Montenegro,2019,15.2
Annual,From 15 to 74 years,Percentage of population in the labour force,Total,Montenegro,2020,17.9
Annual,From 15 to 74 years,Percentage of population in the labour force,Total,Montenegro,2021,
Annual,From 15 to 74 years,Percentage of population in the labour force,Total,Montenegro,2022,
Annual,From 15 to 74 years,Percentage of population in the labour force,Total,Montenegro,2023,
Annual,From 15 to 74 years,Percentage of population in the labour force,Total,Montenegro,2024,
Annual,From 15 to 74 years,Percentage of population in the labour force,Total,Montenegro,2025,
Annual,From 15 to 74 years,Percentage of population in the labour force,Total,North Macedonia,2014,28.0
Annual,From 15 to 74 years,Percentage of population in the labour force,Total,North Macedonia,2015,26.1
Annual,From 15 to 74 years,Percentage of population in the labour force,Total,North Macedonia,2016,23.7
Annual,From 15 to 74 years,Percentage of population in the labour force,Total,North Macedonia,2017,22.4
Annual,From 15 to 74 years,Percentage of population in the labour force,Total,North Macedonia,2018,20.8
Annual,From 15 to 74 years,Percentage of population in the labour force,Total,North Macedonia,2019,17.3
Annual,From 15 to 74 years,Percentage of population in the labour force,Total,North Macedonia,2020,16.4
Annual,From 15 to 74 years,Percentage of population in the labour force,Total,North Macedonia,2021,15.5
Annual,From 15 to 74 years,Percentage of population in the labour force,Total,North Macedonia,2022,14.4
Annual,From 15 to 74 years,Percentage of population in the labour force,Total,North Macedonia,2023,13.1
Annual,From 15 to 74 years,Percentage of population in the labour force,Total,North Macedonia,2024,12.3
Annual,From 15 to 74 years,Percentage of population in the labour force,Total,North Macedonia,2025,11.5
Annual,From 15 to 74 years,Percentage of population in the labour force,Total,Albania,2014,
Annual,From 15 to 74 years,Percentage of population in the labour force,Total,Albania,2015,
Annual,From 15 to 74 years,Percentage of population in the labour force,Total,Albania,2016,
Annual,From 15 to 74 years,Percentage of population in the labour force,Total,Albania,2017,
Annual,From 15 to 74 years,Percentage of population in the labour force,Total,Albania,2018,
Annual,From 15 to 74 years,Percentage of population in the labour force,Total,Albania,2019,
Annual,From 15 to 74 years,Percentage of population in the labour force,Total,Albania,2020,
Annual,From 15 to 74 years,Percentage of population in the labour force,Total,Albania,2021,
Annual,From 15 to 74 years,Percentage of population in the labour force,Total,Albania,2022,
Annual,From 15 to 74 years,Percentage of population in the labour force,Total,Albania,2023,
Annual,From 15 to 74 years,Percentage of population in the labour force,Total,Albania,2024,
Annual,From 15 to 74 years,Percentage of population in the labour force,Total,Albania,2025,
Annual,From 15 to 74 years,Percentage of population in the labour force,Total,Serbia,2014,20.7
Annual,From 15 to 74 years,Percentage of population in the labour force,Total,Serbia,2015,19.0
Annual,From 15 to 74 years,Percentage of population in the labour force,Total,Serbia,2016,16.5
Annual,From 15 to 74 years,Percentage of population in the labour force,Total,Serbia,2017,14.6
Annual,From 15 to 74 years,Percentage of population in the labour force,Total,Serbia,2018,13.8
Annual,From 15 to 74 years,Percentage of population in the labour force,Total,Serbia,2019,11.4
Annual,From 15 to 74 years,Percentage of population in the labour force,Total,Serbia,2020,9.8
Annual,From 15 to 74 years,Percentage of population in the labour force,Total,Serbia,2021,11.2
Annual,From 15 to 74 years,Percentage of population in the labour force,Total,Serbia,2022,9.6
Annual,From 15 to 74 years,Percentage of population in the labour force,Total,Serbia,2023,9.5
Annual,From 15 to 74 years,Percentage of population in the labour force,Total,Serbia,2024,8.6
Annual,From 15 to 74 years,Percentage of population in the labour force,Total,Serbia,2025,8.7
Annual,From 15 to 74 years,Percentage of population in the labour force,Total,Türkiye,2014,9.9
Annual,From 15 to 74 years,Percentage of population in the labour force,Total,Türkiye,2015,10.3
Annual,From 15 to 74 years,Percentage of population in the labour force,Total,Türkiye,2016,10.9
Annual,From 15 to 74 years,Percentage of population in the labour force,Total,Türkiye,2017,10.9
Annual,From 15 to 74 years,Percentage of population in the labour force,Total,Türkiye,2018,10.9
Annual,From 15 to 74 years,Percentage of population in the labour force,Total,Türkiye,2019,13.7
Annual,From 15 to 74 years,Percentage of population in the labour force,Total,Türkiye,2020,13.2
Annual,From 15 to 74 years,Percentage of population in the labour force,Total,Türkiye,2021,12.0
Annual,From 15 to 74 years,Percentage of population in the labour force,Total,Türkiye,2022,10.5
Annual,From 15 to 74 years,Percentage of population in the labour force,Total,Türkiye,2023,9.4
Annual,From 15 to 74 years,Percentage of population in the labour force,Total,Türkiye,2024,8.8
Annual,From 15 to 74 years,Percentage of population in the labour force,Total,Türkiye,2025,8.4
Annual,From 15 to 74 years,Percentage of population in the labour force,Total,Bosnia and Herzegovina,2014,
Annual,From 15 to 74 years,Percentage of population in the labour force,Total,Bosnia and Herzegovina,2015,
Annual,From 15 to 74 years,Percentage of population in the labour force,Total,Bosnia and Herzegovina,2016,
Annual,From 15 to 74 years,Percentage of population in the labour force,Total,Bosnia and Herzegovina,2017,
Annual,From 15 to 74 years,Percentage of population in the labour force,Total,Bosnia and Herzegovina,2018,
Annual,From 15 to 74 years,Percentage of population in the labour force,Total,Bosnia and Herzegovina,2019,
Annual,From 15 to 74 years,Percentage of population in the labour force,Total,Bosnia and Herzegovina,2020,
Annual,From 15 to 74 years,Percentage of population in the labour force,Total,Bosnia and Herzegovina,2021,17.4
Annual,From 15 to 74 years,Percentage of population in the labour force,Total,Bosnia and Herzegovina,2022,15.4
Annual,From 15 to 74 years,Percentage of population in the labour force,Total,Bosnia and Herzegovina,2023,13.2
Annual,From 15 to 74 years,Percentage of population in the labour force,Total,Bosnia and Herzegovina,2024,12.6
Annual,From 15 to 74 years,Percentage of population in the labour force,Total,Bosnia and Herzegovina,2025,12.2
Annual,From 15 to 74 years,Percentage of total population,Total,European Union - 27 countries (from 2020),2014,6.9
Annual,From 15 to 74 years,Percentage of total population,Total,European Union - 27 countries (from 2020),2015,6.4
Annual,From 15 to 74 years,Percentage of total population,Total,European Union - 27 countries (from 2020),2016,5.9
Annual,From 15 to 74 years,Percentage of total population,Total,European Union - 27 countries (from 2020),2017,5.3
Annual,From 15 to 74 years,Percentage of total population,Total,European Union - 27 countries (from 2020),2018,4.7
Annual,From 15 to 74 years,Percentage of total population,Total,European Union - 27 countries (from 2020),2019,4.4
Annual,From 15 to 74 years,Percentage of total population,Total,European Union - 27 countries (from 2020),2020,4.6
Annual,From 15 to 74 years,Percentage of total population,Total,European Union - 27 countries (from 2020),2021,4.5
Annual,From 15 to 74 years,Percentage of total population,Total,European Union - 27 countries (from 2020),2022,4.0
Annual,From 15 to 74 years,Percentage of total population,Total,European Union - 27 countries (from 2020),2023,4.0
Annual,From 15 to 74 years,Percentage of total population,Total,European Union - 27 countries (from 2020),2024,3.9
Annual,From 15 to 74 years,Percentage of total population,Total,European Union - 27 countries (from 2020),2025,4.0
Annual,From 15 to 74 years,Percentage of total population,Total,Euro area – 21 countries (from 2026),2014,7.5
Annual,From 15 to 74 years,Percentage of total population,Total,Euro area – 21 countries (from 2026),2015,7.0
Annual,From 15 to 74 years,Percentage of total population,Total,Euro area – 21 countries (from 2026),2016,6.4
Annual,From 15 to 74 years,Percentage of total population,Total,Euro area – 21 countries (from 2026),2017,5.8
Annual,From 15 to 74 years,Percentage of total population,Total,Euro area – 21 countries (from 2026),2018,5.3
Annual,From 15 to 74 years,Percentage of total population,Total,Euro area – 21 countries (from 2026),2019,4.9
Annual,From 15 to 74 years,Percentage of total population,Total,Euro area – 21 countries (from 2026),2020,5.0
Annual,From 15 to 74 years,Percentage of total population,Total,Euro area – 21 countries (from 2026),2021,5.0
Annual,From 15 to 74 years,Percentage of total population,Total,Euro area – 21 countries (from 2026),2022,4.4
Annual,From 15 to 74 years,Percentage of total population,Total,Euro area – 21 countries (from 2026),2023,4.3
Annual,From 15 to 74 years,Percentage of total population,Total,Euro area – 21 countries (from 2026),2024,4.2
Annual,From 15 to 74 years,Percentage of total population,Total,Euro area – 21 countries (from 2026),2025,4.2
Annual,From 15 to 74 years,Percentage of total population,Total,Euro area – 20 countries (2023-2025),2014,7.5
Annual,From 15 to 74 years,Percentage of total population,Total,Euro area – 20 countries (2023-2025),2015,7.0
Annual,From 15 to 74 years,Percentage of total population,Total,Euro area – 20 countries (2023-2025),2016,6.5
Annual,From 15 to 74 years,Percentage of total population,Total,Euro area – 20 countries (2023-2025),2017,5.9
Annual,From 15 to 74 years,Percentage of total population,Total,Euro area – 20 countries (2023-2025),2018,5.3
Annual,From 15 to 74 years,Percentage of total population,Total,Euro area – 20 countries (2023-2025),2019,4.9
Annual,From 15 to 74 years,Percentage of total population,Total,Euro area – 20 countries (2023-2025),2020,5.0
Annual,From 15 to 74 years,Percentage of total population,Total,Euro area – 20 countries (2023-2025),2021,5.0
Annual,From 15 to 74 years,Percentage of total population,Total,Euro area – 20 countries (2023-2025),2022,4.4
Annual,From 15 to 74 years,Percentage of total population,Total,Euro area – 20 countries (2023-2025),2023,4.3
Annual,From 15 to 74 years,Percentage of total population,Total,Euro area – 20 countries (2023-2025),2024,4.2
Annual,From 15 to 74 years,Percentage of total population,Total,Euro area – 20 countries (2023-2025),2025,4.2
Annual,From 15 to 74 years,Percentage of total population,Total,Euro area - 19 countries  (2015-2022),2014,
Annual,From 15 to 74 years,Percentage of total population,Total,Euro area - 19 countries  (2015-2022),2015,
Annual,From 15 to 74 years,Percentage of total population,Total,Euro area - 19 countries  (2015-2022),2016,
Annual,From 15 to 74 years,Percentage of total population,Total,Euro area - 19 countries  (2015-2022),2017,
Annual,From 15 to 74 years,Percentage of total population,Total,Euro area - 19 countries  (2015-2022),2018,
Annual,From 15 to 74 years,Percentage of total population,Total,Euro area - 19 countries  (2015-2022),2019,
Annual,From 15 to 74 years,Percentage of total population,Total,Euro area - 19 countries  (2015-2022),2020,
Annual,From 15 to 74 years,Percentage of total population,Total,Euro area - 19 countries  (2015-2022),2021,
Annual,From 15 to 74 years,Percentage of total population,Total,Euro area - 19 countries  (2015-2022),2022,
Annual,From 15 to 74 years,Percentage of total population,Total,Euro area - 19 countries  (2015-2022),2023,
Annual,From 15 to 74 years,Percentage of total population,Total,Euro area - 19 countries  (2015-2022),2024,
Annual,From 15 to 74 years,Percentage of total population,Total,Euro area - 19 countries  (2015-2022),2025,
Annual,From 15 to 74 years,Percentage of total population,Total,Belgium,2014,5.2
Annual,From 15 to 74 years,Percentage of total population,Total,Belgium,2015,5.2
Annual,From 15 to 74 years,Percentage of total population,Total,Belgium,2016,4.7
Annual,From 15 to 74 years,Percentage of total population,Total,Belgium,2017,4.3
Annual,From 15 to 74 years,Percentage of total population,Total,Belgium,2018,3.6
Annual,From 15 to 74 years,Percentage of total population,Total,Belgium,2019,3.3
Annual,From 15 to 74 years,Percentage of total population,Total,Belgium,2020,3.4
Annual,From 15 to 74 years,Percentage of total population,Total,Belgium,2021,3.8
Annual,From 15 to 74 years,Percentage of total population,Total,Belgium,2022,3.4
Annual,From 15 to 74 years,Percentage of total population,Total,Belgium,2023,3.4
Annual,From 15 to 74 years,Percentage of total population,Total,Belgium,2024,3.5
Annual,From 15 to 74 years,Percentage of total population,Total,Belgium,2025,3.9
Annual,From 15 to 74 years,Percentage of total population,Total,Bulgaria,2014,7.4
Annual,From 15 to 74 years,Percentage of total population,Total,Bulgaria,2015,6.1
Annual,From 15 to 74 years,Percentage of total population,Total,Bulgaria,2016,5.1
Annual,From 15 to 74 years,Percentage of total population,Total,Bulgaria,2017,4.4
Annual,From 15 to 74 years,Percentage of total population,Total,Bulgaria,2018,3.8
Annual,From 15 to 74 years,Percentage of total population,Total,Bulgaria,2019,3.3
Annual,From 15 to 74 years,Percentage of total population,Total,Bulgaria,2020,3.7
Annual,From 15 to 74 years,Percentage of total population,Total,Bulgaria,2021,3.2
Annual,From 15 to 74 years,Percentage of total population,Total,Bulgaria,2022,2.6
Annual,From 15 to 74 years,Percentage of total population,Total,Bulgaria,2023,2.7
Annual,From 15 to 74 years,Percentage of total population,Total,Bulgaria,2024,2.6
Annual,From 15 to 74 years,Percentage of total population,Total,Bulgaria,2025,2.2
Annual,From 15 to 74 years,Percentage of total population,Total,Czechia,2014,3.9
Annual,From 15 to 74 years,Percentage of total population,Total,Czechia,2015,3.3
Annual,From 15 to 74 years,Percentage of total population,Total,Czechia,2016,2.6
Annual,From 15 to 74 years,Percentage of total population,Total,Czechia,2017,1.9
Annual,From 15 to 74 years,Percentage of total population,Total,Czechia,2018,1.5
Annual,From 15 to 74 years,Percentage of total population,Total,Czechia,2019,1.3
Annual,From 15 to 74 years,Percentage of total population,Total,Czechia,2020,1.7
Annual,From 15 to 74 years,Percentage of total population,Total,Czechia,2021,1.9
Annual,From 15 to 74 years,Percentage of total population,Total,Czechia,2022,1.5
Annual,From 15 to 74 years,Percentage of total population,Total,Czechia,2023,1.7
Annual,From 15 to 74 years,Percentage of total population,Total,Czechia,2024,1.8
Annual,From 15 to 74 years,Percentage of total population,Total,Czechia,2025,1.9
Annual,From 15 to 74 years,Percentage of total population,Total,Denmark,2014,4.7
Annual,From 15 to 74 years,Percentage of total population,Total,Denmark,2015,4.2
Annual,From 15 to 74 years,Percentage of total population,Total,Denmark,2016,4.1
Annual,From 15 to 74 years,Percentage of total population,Total,Denmark,2017,4.0
Annual,From 15 to 74 years,Percentage of total population,Total,Denmark,2018,3.5
Annual,From 15 to 74 years,Percentage of total population,Total,Denmark,2019,3.5
Annual,From 15 to 74 years,Percentage of total population,Total,Denmark,2020,3.9
Annual,From 15 to 74 years,Percentage of total population,Total,Denmark,2021,3.6
Annual,From 15 to 74 years,Percentage of total population,Total,Denmark,2022,3.2
Annual,From 15 to 74 years,Percentage of total population,Total,Denmark,2023,3.7
Annual,From 15 to 74 years,Percentage of total population,Total,Denmark,2024,4.6
Annual,From 15 to 74 years,Percentage of total population,Total,Denmark,2025,4.7
Annual,From 15 to 74 years,Percentage of total population,Total,Germany,2014,3.2
Annual,From 15 to 74 years,Percentage of total population,Total,Germany,2015,2.9
Annual,From 15 to 74 years,Percentage of total population,Total,Germany,2016,2.6
Annual,From 15 to 74 years,Percentage of total population,Total,Germany,2017,2.4
Annual,From 15 to 74 years,Percentage of total population,Total,Germany,2018,2.2
Annual,From 15 to 74 years,Percentage of total population,Total,Germany,2019,2.0
Annual,From 15 to 74 years,Percentage of total population,Total,Germany,2020,2.5
Annual,From 15 to 74 years,Percentage of total population,Total,Germany,2021,2.5
Annual,From 15 to 74 years,Percentage of total population,Total,Germany,2022,2.2
Annual,From 15 to 74 years,Percentage of total population,Total,Germany,2023,2.2
Annual,From 15 to 74 years,Percentage of total population,Total,Germany,2024,2.4
Annual,From 15 to 74 years,Percentage of total population,Total,Germany,2025,2.7
Annual,From 15 to 74 years,Percentage of total population,Total,Estonia,2014,5.0
Annual,From 15 to 74 years,Percentage of total population,Total,Estonia,2015,4.5
Annual,From 15 to 74 years,Percentage of total population,Total,Estonia,2016,4.9
Annual,From 15 to 74 years,Percentage of total population,Total,Estonia,2017,4.2
Annual,From 15 to 74 years,Percentage of total population,Total,Estonia,2018,3.9
Annual,From 15 to 74 years,Percentage of total population,Total,Estonia,2019,3.2
Annual,From 15 to 74 years,Percentage of total population,Total,Estonia,2020,5.0
Annual,From 15 to 74 years,Percentage of total population,Total,Estonia,2021,4.4
Annual,From 15 to 74 years,Percentage of total population,Total,Estonia,2022,4.1
Annual,From 15 to 74 years,Percentage of total population,Total,Estonia,2023,4.7
Annual,From 15 to 74 years,Percentage of total population,Total,Estonia,2024,5.6
Annual,From 15 to 74 years,Percentage of total population,Total,Estonia,2025,5.6
Annual,From 15 to 74 years,Percentage of total population,Total,Ireland,2014,7.8
Annual,From 15 to 74 years,Percentage of total population,Total,Ireland,2015,6.6
Annual,From 15 to 74 years,Percentage of total population,Total,Ireland,2016,5.6
Annual,From 15 to 74 years,Percentage of total population,Total,Ireland,2017,4.5
Annual,From 15 to 74 years,Percentage of total population,Total,Ireland,2018,3.9
Annual,From 15 to 74 years,Percentage of total population,Total,Ireland,2019,3.3
Annual,From 15 to 74 years,Percentage of total population,Total,Ireland,2020,3.8
Annual,From 15 to 74 years,Percentage of total population,Total,Ireland,2021,4.3
Annual,From 15 to 74 years,Percentage of total population,Total,Ireland,2022,3.1
Annual,From 15 to 74 years,Percentage of total population,Total,Ireland,2023,3.1
Annual,From 15 to 74 years,Percentage of total population,Total,Ireland,2024,3.1
Annual,From 15 to 74 years,Percentage of total population,Total,Ireland,2025,3.4
Annual,From 15 to 74 years,Percentage of total population,Total,Greece,2014,15.7
Annual,From 15 to 74 years,Percentage of total population,Total,Greece,2015,14.8
Annual,From 15 to 74 years,Percentage of total population,Total,Greece,2016,14.2
Annual,From 15 to 74 years,Percentage of total population,Total,Greece,2017,13.0
Annual,From 15 to 74 years,Percentage of total population,Total,Greece,2018,11.7
Annual,From 15 to 74 years,Percentage of total population,Total,Greece,2019,10.7
Annual,From 15 to 74 years,Percentage of total population,Total,Greece,2020,10.0
Annual,From 15 to 74 years,Percentage of total population,Total,Greece,2021,8.6
Annual,From 15 to 74 years,Percentage of total population,Total,Greece,2022,7.5
Annual,From 15 to 74 years,Percentage of total population,Total,Greece,2023,6.7
Annual,From 15 to 74 years,Percentage of total population,Total,Greece,2024,6.2
Annual,From 15 to 74 years,Percentage of total population,Total,Greece,2025,5.4
Annual,From 15 to 74 years,Percentage of total population,Total,Spain,2014,16.0
Annual,From 15 to 74 years,Percentage of total population,Total,Spain,2015,14.5
Annual,From 15 to 74 years,Percentage of total population,Total,Spain,2016,12.8
Annual,From 15 to 74 years,Percentage of total population,Total,Spain,2017,11.2
Annual,From 15 to 74 years,Percentage of total population,Total,Spain,2018,9.9
Annual,From 15 to 74 years,Percentage of total population,Total,Spain,2019,9.1
Annual,From 15 to 74 years,Percentage of total population,Total,Spain,2020,9.9
Annual,From 15 to 74 years,Percentage of total population,Total,Spain,2021,9.6
Annual,From 15 to 74 years,Percentage of total population,Total,Spain,2022,8.5
Annual,From 15 to 74 years,Percentage of total population,Total,Spain,2023,8.0
Annual,From 15 to 74 years,Percentage of total population,Total,Spain,2024,7.4
Annual,From 15 to 74 years,Percentage of total population,Total,Spain,2025,6.9
Annual,From 15 to 74 years,Percentage of total population,Total,France,2014,6.5
Annual,From 15 to 74 years,Percentage of total population,Total,France,2015,6.5
Annual,From 15 to 74 years,Percentage of total population,Total,France,2016,6.3
Annual,From 15 to 74 years,Percentage of total population,Total,France,2017,5.9
Annual,From 15 to 74 years,Percentage of total population,Total,France,2018,5.7
Annual,From 15 to 74 years,Percentage of total population,Total,France,2019,5.3
Annual,From 15 to 74 years,Percentage of total population,Total,France,2020,5.0
Annual,From 15 to 74 years,Percentage of total population,Total,France,2021,4.9
Annual,From 15 to 74 years,Percentage of total population,Total,France,2022,4.6
Annual,From 15 to 74 years,Percentage of total population,Total,France,2023,4.7
Annual,From 15 to 74 years,Percentage of total population,Total,France,2024,4.8
Annual,From 15 to 74 years,Percentage of total population,Total,France,2025,5.0
Annual,From 15 to 74 years,Percentage of total population,Total,Croatia,2014,10.0
Annual,From 15 to 74 years,Percentage of total population,Total,Croatia,2015,9.5
Annual,From 15 to 74 years,Percentage of total population,Total,Croatia,2016,7.4
Annual,From 15 to 74 years,Percentage of total population,Total,Croatia,2017,6.4
Annual,From 15 to 74 years,Percentage of total population,Total,Croatia,2018,4.7
Annual,From 15 to 74 years,Percentage of total population,Total,Croatia,2019,3.7
Annual,From 15 to 74 years,Percentage of total population,Total,Croatia,2020,4.2
Annual,From 15 to 74 years,Percentage of total population,Total,Croatia,2021,4.4
Annual,From 15 to 74 years,Percentage of total population,Total,Croatia,2022,4.0
Annual,From 15 to 74 years,Percentage of total population,Total,Croatia,2023,3.6
Annual,From 15 to 74 years,Percentage of total population,Total,Croatia,2024,3.0
Annual,From 15 to 74 years,Percentage of total population,Total,Croatia,2025,2.9
Annual,From 15 to 74 years,Percentage of total population,Total,Italy,2014,7.1
Annual,From 15 to 74 years,Percentage of total population,Total,Italy,2015,6.7
Annual,From 15 to 74 years,Percentage of total population,Total,Italy,2016,6.6
Annual,From 15 to 74 years,Percentage of total population,Total,Italy,2017,6.4
Annual,From 15 to 74 years,Percentage of total population,Total,Italy,2018,6.1
Annual,From 15 to 74 years,Percentage of total population,Total,Italy,2019,5.7
Annual,From 15 to 74 years,Percentage of total population,Total,Italy,2020,5.2
Annual,From 15 to 74 years,Percentage of total population,Total,Italy,2021,5.3
Annual,From 15 to 74 years,Percentage of total population,Total,Italy,2022,4.6
Annual,From 15 to 74 years,Percentage of total population,Total,Italy,2023,4.4
Annual,From 15 to 74 years,Percentage of total population,Total,Italy,2024,3.8
Annual,From 15 to 74 years,Percentage of total population,Total,Italy,2025,3.6
Annual,From 15 to 74 years,Percentage of total population,Total,Cyprus,2014,11.0
Annual,From 15 to 74 years,Percentage of total population,Total,Cyprus,2015,10.0
Annual,From 15 to 74 years,Percentage of total population,Total,Cyprus,2016,8.6
Annual,From 15 to 74 years,Percentage of total population,Total,Cyprus,2017,7.4
Annual,From 15 to 74 years,Percentage of total population,Total,Cyprus,2018,5.7
Annual,From 15 to 74 years,Percentage of total population,Total,Cyprus,2019,4.9
Annual,From 15 to 74 years,Percentage of total population,Total,Cyprus,2020,5.2
Annual,From 15 to 74 years,Percentage of total population,Total,Cyprus,2021,5.0
Annual,From 15 to 74 years,Percentage of total population,Total,Cyprus,2022,4.5
Annual,From 15 to 74 years,Percentage of total population,Total,Cyprus,2023,4.1
Annual,From 15 to 74 years,Percentage of total population,Total,Cyprus,2024,3.4
Annual,From 15 to 74 years,Percentage of total population,Total,Cyprus,2025,3.1
Annual,From 15 to 74 years,Percentage of total population,Total,Latvia,2014,7.2
Annual,From 15 to 74 years,Percentage of total population,Total,Latvia,2015,6.7
Annual,From 15 to 74 years,Percentage of total population,Total,Latvia,2016,6.6
Annual,From 15 to 74 years,Percentage of total population,Total,Latvia,2017,6.0
Annual,From 15 to 74 years,Percentage of total population,Total,Latvia,2018,5.2
Annual,From 15 to 74 years,Percentage of total population,Total,Latvia,2019,4.4
Annual,From 15 to 74 years,Percentage of total population,Total,Latvia,2020,5.7
Annual,From 15 to 74 years,Percentage of total population,Total,Latvia,2021,5.1
Annual,From 15 to 74 years,Percentage of total population,Total,Latvia,2022,4.7
Annual,From 15 to 74 years,Percentage of total population,Total,Latvia,2023,4.5
Annual,From 15 to 74 years,Percentage of total population,Total,Latvia,2024,4.8
Annual,From 15 to 74 years,Percentage of total population,Total,Latvia,2025,4.8
Annual,From 15 to 74 years,Percentage of total population,Total,Lithuania,2014,7.1
Annual,From 15 to 74 years,Percentage of total population,Total,Lithuania,2015,6.1
Annual,From 15 to 74 years,Percentage of total population,Total,Lithuania,2016,5.3
Annual,From 15 to 74 years,Percentage of total population,Total,Lithuania,2017,4.8
Annual,From 15 to 74 years,Percentage of total population,Total,Lithuania,2018,4.3
Annual,From 15 to 74 years,Percentage of total population,Total,Lithuania,2019,4.4
Annual,From 15 to 74 years,Percentage of total population,Total,Lithuania,2020,6.0
Annual,From 15 to 74 years,Percentage of total population,Total,Lithuania,2021,5.0
Annual,From 15 to 74 years,Percentage of total population,Total,Lithuania,2022,4.2
Annual,From 15 to 74 years,Percentage of total population,Total,Lithuania,2023,4.8
Annual,From 15 to 74 years,Percentage of total population,Total,Lithuania,2024,5.1
Annual,From 15 to 74 years,Percentage of total population,Total,Lithuania,2025,4.9
Annual,From 15 to 74 years,Percentage of total population,Total,Luxembourg,2014,3.7
Annual,From 15 to 74 years,Percentage of total population,Total,Luxembourg,2015,4.3
Annual,From 15 to 74 years,Percentage of total population,Total,Luxembourg,2016,4.0
Annual,From 15 to 74 years,Percentage of total population,Total,Luxembourg,2017,3.5
Annual,From 15 to 74 years,Percentage of total population,Total,Luxembourg,2018,3.6
Annual,From 15 to 74 years,Percentage of total population,Total,Luxembourg,2019,3.7
Annual,From 15 to 74 years,Percentage of total population,Total,Luxembourg,2020,4.4
Annual,From 15 to 74 years,Percentage of total population,Total,Luxembourg,2021,3.5
Annual,From 15 to 74 years,Percentage of total population,Total,Luxembourg,2022,3.1
Annual,From 15 to 74 years,Percentage of total population,Total,Luxembourg,2023,3.5
Annual,From 15 to 74 years,Percentage of total population,Total,Luxembourg,2024,4.3
Annual,From 15 to 74 years,Percentage of total population,Total,Luxembourg,2025,4.4
Annual,From 15 to 74 years,Percentage of total population,Total,Hungary,2014,4.5
Annual,From 15 to 74 years,Percentage of total population,Total,Hungary,2015,4.1
Annual,From 15 to 74 years,Percentage of total population,Total,Hungary,2016,3.1
Annual,From 15 to 74 years,Percentage of total population,Total,Hungary,2017,2.6
Annual,From 15 to 74 years,Percentage of total population,Total,Hungary,2018,2.3
Annual,From 15 to 74 years,Percentage of total population,Total,Hungary,2019,2.1
Annual,From 15 to 74 years,Percentage of total population,Total,Hungary,2020,2.7
Annual,From 15 to 74 years,Percentage of total population,Total,Hungary,2021,2.6
Annual,From 15 to 74 years,Percentage of total population,Total,Hungary,2022,2.4
Annual,From 15 to 74 years,Percentage of total population,Total,Hungary,2023,2.8
Annual,From 15 to 74 years,Percentage of total population,Total,Hungary,2024,3.1
Annual,From 15 to 74 years,Percentage of total population,Total,Hungary,2025,3.0
Annual,From 15 to 74 years,Percentage of total population,Total,Malta,2014,3.4
Annual,From 15 to 74 years,Percentage of total population,Total,Malta,2015,3.2
Annual,From 15 to 74 years,Percentage of total population,Total,Malta,2016,2.9
Annual,From 15 to 74 years,Percentage of total population,Total,Malta,2017,2.5
Annual,From 15 to 74 years,Percentage of total population,Total,Malta,2018,2.5
Annual,From 15 to 74 years,Percentage of total population,Total,Malta,2019,2.7
Annual,From 15 to 74 years,Percentage of total population,Total,Malta,2020,3.2
Annual,From 15 to 74 years,Percentage of total population,Total,Malta,2021,2.5
Annual,From 15 to 74 years,Percentage of total population,Total,Malta,2022,2.4
Annual,From 15 to 74 years,Percentage of total population,Total,Malta,2023,2.5
Annual,From 15 to 74 years,Percentage of total population,Total,Malta,2024,2.3
Annual,From 15 to 74 years,Percentage of total population,Total,Malta,2025,2.3
Annual,From 15 to 74 years,Percentage of total population,Total,Netherlands,2014,6.1
Annual,From 15 to 74 years,Percentage of total population,Total,Netherlands,2015,5.7
Annual,From 15 to 74 years,Percentage of total population,Total,Netherlands,2016,5.1
Annual,From 15 to 74 years,Percentage of total population,Total,Netherlands,2017,4.2
Annual,From 15 to 74 years,Percentage of total population,Total,Netherlands,2018,3.6
Annual,From 15 to 74 years,Percentage of total population,Total,Netherlands,2019,3.3
Annual,From 15 to 74 years,Percentage of total population,Total,Netherlands,2020,3.6
Annual,From 15 to 74 years,Percentage of total population,Total,Netherlands,2021,3.1
Annual,From 15 to 74 years,Percentage of total population,Total,Netherlands,2022,2.6
Annual,From 15 to 74 years,Percentage of total population,Total,Netherlands,2023,2.7
Annual,From 15 to 74 years,Percentage of total population,Total,Netherlands,2024,2.8
Annual,From 15 to 74 years,Percentage of total population,Total,Netherlands,2025,3.0
Annual,From 15 to 74 years,Percentage of total population,Total,Austria,2014,4.0
Annual,From 15 to 74 years,Percentage of total population,Total,Austria,2015,4.1
Annual,From 15 to 74 years,Percentage of total population,Total,Austria,2016,4.4
Annual,From 15 to 74 years,Percentage of total population,Total,Austria,2017,4.0
Annual,From 15 to 74 years,Percentage of total population,Total,Austria,2018,3.6
Annual,From 15 to 74 years,Percentage of total population,Total,Austria,2019,3.3
Annual,From 15 to 74 years,Percentage of total population,Total,Austria,2020,4.1
Annual,From 15 to 74 years,Percentage of total population,Total,Austria,2021,4.2
Annual,From 15 to 74 years,Percentage of total population,Total,Austria,2022,3.3
Annual,From 15 to 74 years,Percentage of total population,Total,Austria,2023,3.5
Annual,From 15 to 74 years,Percentage of total population,Total,Austria,2024,3.6
Annual,From 15 to 74 years,Percentage of total population,Total,Austria,2025,3.9
Annual,From 15 to 74 years,Percentage of total population,Total,Poland,2014,5.5
Annual,From 15 to 74 years,Percentage of total population,Total,Poland,2015,4.6
Annual,From 15 to 74 years,Percentage of total population,Total,Poland,2016,3.8
Annual,From 15 to 74 years,Percentage of total population,Total,Poland,2017,3.0
Annual,From 15 to 74 years,Percentage of total population,Total,Poland,2018,2.4
Annual,From 15 to 74 years,Percentage of total population,Total,Poland,2019,2.0
Annual,From 15 to 74 years,Percentage of total population,Total,Poland,2020,1.9
Annual,From 15 to 74 years,Percentage of total population,Total,Poland,2021,2.1
Annual,From 15 to 74 years,Percentage of total population,Total,Poland,2022,1.8
Annual,From 15 to 74 years,Percentage of total population,Total,Poland,2023,1.8
Annual,From 15 to 74 years,Percentage of total population,Total,Poland,2024,1.8
Annual,From 15 to 74 years,Percentage of total population,Total,Poland,2025,2.0
Annual,From 15 to 74 years,Percentage of total population,Total,Portugal,2014,9.2
Annual,From 15 to 74 years,Percentage of total population,Total,Portugal,2015,8.2
Annual,From 15 to 74 years,Percentage of total population,Total,Portugal,2016,7.3
Annual,From 15 to 74 years,Percentage of total population,Total,Portugal,2017,5.9
Annual,From 15 to 74 years,Percentage of total population,Total,Portugal,2018,4.7
Annual,From 15 to 74 years,Percentage of total population,Total,Portugal,2019,4.3
Annual,From 15 to 74 years,Percentage of total population,Total,Portugal,2020,4.5
Annual,From 15 to 74 years,Percentage of total population,Total,Portugal,2021,4.4
Annual,From 15 to 74 years,Percentage of total population,Total,Portugal,2022,4.1
Annual,From 15 to 74 years,Percentage of total population,Total,Portugal,2023,4.4
Annual,From 15 to 74 years,Percentage of total population,Total,Portugal,2024,4.4
Annual,From 15 to 74 years,Percentage of total population,Total,Portugal,2025,4.1
Annual,From 15 to 74 years,Percentage of total population,Total,Romania,2014,4.5
Annual,From 15 to 74 years,Percentage of total population,Total,Romania,2015,4.5
Annual,From 15 to 74 years,Percentage of total population,Total,Romania,2016,3.8
Annual,From 15 to 74 years,Percentage of total population,Total,Romania,2017,3.3
Annual,From 15 to 74 years,Percentage of total population,Total,Romania,2018,2.9
Annual,From 15 to 74 years,Percentage of total population,Total,Romania,2019,2.7
Annual,From 15 to 74 years,Percentage of total population,Total,Romania,2020,3.4
Annual,From 15 to 74 years,Percentage of total population,Total,Romania,2021,3.2
Annual,From 15 to 74 years,Percentage of total population,Total,Romania,2022,3.2
Annual,From 15 to 74 years,Percentage of total population,Total,Romania,2023,3.2
Annual,From 15 to 74 years,Percentage of total population,Total,Romania,2024,3.1
Annual,From 15 to 74 years,Percentage of total population,Total,Romania,2025,3.5
Annual,From 15 to 74 years,Percentage of total population,Total,Slovenia,2014,6.1
Annual,From 15 to 74 years,Percentage of total population,Total,Slovenia,2015,5.7
Annual,From 15 to 74 years,Percentage of total population,Total,Slovenia,2016,5.0
Annual,From 15 to 74 years,Percentage of total population,Total,Slovenia,2017,4.2
Annual,From 15 to 74 years,Percentage of total population,Total,Slovenia,2018,3.3
Annual,From 15 to 74 years,Percentage of total population,Total,Slovenia,2019,2.9
Annual,From 15 to 74 years,Percentage of total population,Total,Slovenia,2020,3.2
Annual,From 15 to 74 years,Percentage of total population,Total,Slovenia,2021,3.1
Annual,From 15 to 74 years,Percentage of total population,Total,Slovenia,2022,2.6
Annual,From 15 to 74 years,Percentage of total population,Total,Slovenia,2023,2.4
Annual,From 15 to 74 years,Percentage of total population,Total,Slovenia,2024,2.4
Annual,From 15 to 74 years,Percentage of total population,Total,Slovenia,2025,2.5
Annual,From 15 to 74 years,Percentage of total population,Total,Slovakia,2014,8.5
Annual,From 15 to 74 years,Percentage of total population,Total,Slovakia,2015,7.5
Annual,From 15 to 74 years,Percentage of total population,Total,Slovakia,2016,6.4
Annual,From 15 to 74 years,Percentage of total population,Total,Slovakia,2017,5.4
Annual,From 15 to 74 years,Percentage of total population,Total,Slovakia,2018,4.3
Annual,From 15 to 74 years,Percentage of total population,Total,Slovakia,2019,3.8
Annual,From 15 to 74 years,Percentage of total population,Total,Slovakia,2020,4.4
Annual,From 15 to 74 years,Percentage of total population,Total,Slovakia,2021,4.5
Annual,From 15 to 74 years,Percentage of total population,Total,Slovakia,2022,4.1
Annual,From 15 to 74 years,Percentage of total population,Total,Slovakia,2023,3.9
Annual,From 15 to 74 years,Percentage of total population,Total,Slovakia,2024,3.6
Annual,From 15 to 74 years,Percentage of total population,Total,Slovakia,2025,3.6
Annual,From 15 to 74 years,Percentage of total population,Total,Finland,2014,5.7
Annual,From 15 to 74 years,Percentage of total population,Total,Finland,2015,6.1
Annual,From 15 to 74 years,Percentage of total population,Total,Finland,2016,5.8
Annual,From 15 to 74 years,Percentage of total population,Total,Finland,2017,5.7
Annual,From 15 to 74 years,Percentage of total population,Total,Finland,2018,4.9
Annual,From 15 to 74 years,Percentage of total population,Total,Finland,2019,4.5
Annual,From 15 to 74 years,Percentage of total population,Total,Finland,2020,5.1
Annual,From 15 to 74 years,Percentage of total population,Total,Finland,2021,5.2
Annual,From 15 to 74 years,Percentage of total population,Total,Finland,2022,4.6
Annual,From 15 to 74 years,Percentage of total population,Total,Finland,2023,5.0
Annual,From 15 to 74 years,Percentage of total population,Total,Finland,2024,5.8
Annual,From 15 to 74 years,Percentage of total population,Total,Finland,2025,6.7
Annual,From 15 to 74 years,Percentage of total population,Total,Sweden,2014,5.8
Annual,From 15 to 74 years,Percentage of total population,Total,Sweden,2015,5.4
Annual,From 15 to 74 years,Percentage of total population,Total,Sweden,2016,5.1
Annual,From 15 to 74 years,Percentage of total population,Total,Sweden,2017,4.9
Annual,From 15 to 74 years,Percentage of total population,Total,Sweden,2018,4.7
Annual,From 15 to 74 years,Percentage of total population,Total,Sweden,2019,5.0
Annual,From 15 to 74 years,Percentage of total population,Total,Sweden,2020,6.2
Annual,From 15 to 74 years,Percentage of total population,Total,Sweden,2021,6.6
Annual,From 15 to 74 years,Percentage of total population,Total,Sweden,2022,5.6
Annual,From 15 to 74 years,Percentage of total population,Total,Sweden,2023,5.8
Annual,From 15 to 74 years,Percentage of total population,Total,Sweden,2024,6.3
Annual,From 15 to 74 years,Percentage of total population,Total,Sweden,2025,6.7
Annual,From 15 to 74 years,Percentage of total population,Total,Iceland,2014,4.0
Annual,From 15 to 74 years,Percentage of total population,Total,Iceland,2015,3.3
Annual,From 15 to 74 years,Percentage of total population,Total,Iceland,2016,2.5
Annual,From 15 to 74 years,Percentage of total population,Total,Iceland,2017,2.3
Annual,From 15 to 74 years,Percentage of total population,Total,Iceland,2018,2.2
Annual,From 15 to 74 years,Percentage of total population,Total,Iceland,2019,2.8
Annual,From 15 to 74 years,Percentage of total population,Total,Iceland,2020,4.3
Annual,From 15 to 74 years,Percentage of total population,Total,Iceland,2021,4.8
Annual,From 15 to 74 years,Percentage of total population,Total,Iceland,2022,3.0
Annual,From 15 to 74 years,Percentage of total population,Total,Iceland,2023,2.8
Annual,From 15 to 74 years,Percentage of total population,Total,Iceland,2024,2.9
Annual,From 15 to 74 years,Percentage of total population,Total,Iceland,2025,3.6
Annual,From 15 to 74 years,Percentage of total population,Total,Liechtenstein,2014,
Annual,From 15 to 74 years,Percentage of total population,Total,Liechtenstein,2015,
Annual,From 15 to 74 years,Percentage of total population,Total,Liechtenstein,2016,
Annual,From 15 to 74 years,Percentage of total population,Total,Liechtenstein,2017,
Annual,From 15 to 74 years,Percentage of total population,Total,Liechtenstein,2018,
Annual,From 15 to 74 years,Percentage of total population,Total,Liechtenstein,2019,
Annual,From 15 to 74 years,Percentage of total population,Total,Liechtenstein,2020,
Annual,From 15 to 74 years,Percentage of total population,Total,Liechtenstein,2021,
Annual,From 15 to 74 years,Percentage of total population,Total,Liechtenstein,2022,
Annual,From 15 to 74 years,Percentage of total population,Total,Liechtenstein,2023,
Annual,From 15 to 74 years,Percentage of total population,Total,Liechtenstein,2024,
Annual,From 15 to 74 years,Percentage of total population,Total,Liechtenstein,2025,
Annual,From 15 to 74 years,Percentage of total population,Total,Norway,2014,2.7
Annual,From 15 to 74 years,Percentage of total population,Total,Norway,2015,3.4
Annual,From 15 to 74 years,Percentage of total population,Total,Norway,2016,3.5
Annual,From 15 to 74 years,Percentage of total population,Total,Norway,2017,3.1
Annual,From 15 to 74 years,Percentage of total population,Total,Norway,2018,2.8
Annual,From 15 to 74 years,Percentage of total population,Total,Norway,2019,2.8
Annual,From 15 to 74 years,Percentage of total population,Total,Norway,2020,3.4
Annual,From 15 to 74 years,Percentage of total population,Total,Norway,2021,3.2
Annual,From 15 to 74 years,Percentage of total population,Total,Norway,2022,2.4
Annual,From 15 to 74 years,Percentage of total population,Total,Norway,2023,2.6
Annual,From 15 to 74 years,Percentage of total population,Total,Norway,2024,2.9
Annual,From 15 to 74 years,Percentage of total population,Total,Norway,2025,3.3
Annual,From 15 to 74 years,Percentage of total population,Total,Switzerland,2014,3.6
Annual,From 15 to 74 years,Percentage of total population,Total,Switzerland,2015,3.6
Annual,From 15 to 74 years,Percentage of total population,Total,Switzerland,2016,3.7
Annual,From 15 to 74 years,Percentage of total population,Total,Switzerland,2017,3.7
Annual,From 15 to 74 years,Percentage of total population,Total,Switzerland,2018,3.6
Annual,From 15 to 74 years,Percentage of total population,Total,Switzerland,2019,3.4
Annual,From 15 to 74 years,Percentage of total population,Total,Switzerland,2020,3.7
Annual,From 15 to 74 years,Percentage of total population,Total,Switzerland,2021,3.8
Annual,From 15 to 74 years,Percentage of total population,Total,Switzerland,2022,3.1
Annual,From 15 to 74 years,Percentage of total population,Total,Switzerland,2023,3.1
Annual,From 15 to 74 years,Percentage of total population,Total,Switzerland,2024,3.3
Annual,From 15 to 74 years,Percentage of total population,Total,Switzerland,2025,3.7
Annual,From 15 to 74 years,Percentage of total population,Total,United Kingdom,2014,
Annual,From 15 to 74 years,Percentage of total population,Total,United Kingdom,2015,
Annual,From 15 to 74 years,Percentage of total population,Total,United Kingdom,2016,
Annual,From 15 to 74 years,Percentage of total population,Total,United Kingdom,2017,
Annual,From 15 to 74 years,Percentage of total population,Total,United Kingdom,2018,
Annual,From 15 to 74 years,Percentage of total population,Total,United Kingdom,2019,
Annual,From 15 to 74 years,Percentage of total population,Total,United Kingdom,2020,
Annual,From 15 to 74 years,Percentage of total population,Total,United Kingdom,2021,
Annual,From 15 to 74 years,Percentage of total population,Total,United Kingdom,2022,
Annual,From 15 to 74 years,Percentage of total population,Total,United Kingdom,2023,
Annual,From 15 to 74 years,Percentage of total population,Total,United Kingdom,2024,
Annual,From 15 to 74 years,Percentage of total population,Total,United Kingdom,2025,
Annual,From 15 to 74 years,Percentage of total population,Total,Montenegro,2014,10.1
Annual,From 15 to 74 years,Percentage of total population,Total,Montenegro,2015,10.1
Annual,From 15 to 74 years,Percentage of total population,Total,Montenegro,2016,10.3
Annual,From 15 to 74 years,Percentage of total population,Total,Montenegro,2017,9.4
Annual,From 15 to 74 years,Percentage of total population,Total,Montenegro,2018,9.1
Annual,From 15 to 74 years,Percentage of total population,Total,Montenegro,2019,9.3
Annual,From 15 to 74 years,Percentage of total population,Total,Montenegro,2020,10.2
Annual,From 15 to 74 years,Percentage of total population,Total,Montenegro,2021,
Annual,From 15 to 74 years,Percentage of total population,Total,Montenegro,2022,
Annual,From 15 to 74 years,Percentage of total population,Total,Montenegro,2023,
Annual,From 15 to 74 years,Percentage of total population,Total,Montenegro,2024,
Annual,From 15 to 74 years,Percentage of total population,Total,Montenegro,2025,
Annual,From 15 to 74 years,Percentage of total population,Total,North Macedonia,2014,16.6
Annual,From 15 to 74 years,Percentage of total population,Total,North Macedonia,2015,15.3
Annual,From 15 to 74 years,Percentage of total population,Total,North Macedonia,2016,13.8
Annual,From 15 to 74 years,Percentage of total population,Total,North Macedonia,2017,13.1
Annual,From 15 to 74 years,Percentage of total population,Total,North Macedonia,2018,12.2
Annual,From 15 to 74 years,Percentage of total population,Total,North Macedonia,2019,10.2
Annual,From 15 to 74 years,Percentage of total population,Total,North Macedonia,2020,9.6
Annual,From 15 to 74 years,Percentage of total population,Total,North Macedonia,2021,9.0
Annual,From 15 to 74 years,Percentage of total population,Total,North Macedonia,2022,8.3
Annual,From 15 to 74 years,Percentage of total population,Total,North Macedonia,2023,7.4
Annual,From 15 to 74 years,Percentage of total population,Total,North Macedonia,2024,7.0
Annual,From 15 to 74 years,Percentage of total population,Total,North Macedonia,2025,6.6
Annual,From 15 to 74 years,Percentage of total population,Total,Albania,2014,
Annual,From 15 to 74 years,Percentage of total population,Total,Albania,2015,
Annual,From 15 to 74 years,Percentage of total population,Total,Albania,2016,
Annual,From 15 to 74 years,Percentage of total population,Total,Albania,2017,
Annual,From 15 to 74 years,Percentage of total population,Total,Albania,2018,
Annual,From 15 to 74 years,Percentage of total population,Total,Albania,2019,
Annual,From 15 to 74 years,Percentage of total population,Total,Albania,2020,
Annual,From 15 to 74 years,Percentage of total population,Total,Albania,2021,
Annual,From 15 to 74 years,Percentage of total population,Total,Albania,2022,
Annual,From 15 to 74 years,Percentage of total population,Total,Albania,2023,
Annual,From 15 to 74 years,Percentage of total population,Total,Albania,2024,
Annual,From 15 to 74 years,Percentage of total population,Total,Albania,2025,
Annual,From 15 to 74 years,Percentage of total population,Total,Serbia,2014,11.5
Annual,From 15 to 74 years,Percentage of total population,Total,Serbia,2015,10.5
Annual,From 15 to 74 years,Percentage of total population,Total,Serbia,2016,9.4
Annual,From 15 to 74 years,Percentage of total population,Total,Serbia,2017,8.4
Annual,From 15 to 74 years,Percentage of total population,Total,Serbia,2018,8.0
Annual,From 15 to 74 years,Percentage of total population,Total,Serbia,2019,6.5
Annual,From 15 to 74 years,Percentage of total population,Total,Serbia,2020,5.5
Annual,From 15 to 74 years,Percentage of total population,Total,Serbia,2021,6.6
Annual,From 15 to 74 years,Percentage of total population,Total,Serbia,2022,5.7
Annual,From 15 to 74 years,Percentage of total population,Total,Serbia,2023,5.8
Annual,From 15 to 74 years,Percentage of total population,Total,Serbia,2024,5.4
Annual,From 15 to 74 years,Percentage of total population,Total,Serbia,2025,5.4
Annual,From 15 to 74 years,Percentage of total population,Total,Türkiye,2014,5.2
Annual,From 15 to 74 years,Percentage of total population,Total,Türkiye,2015,5.5
Annual,From 15 to 74 years,Percentage of total population,Total,Türkiye,2016,5.9
Annual,From 15 to 74 years,Percentage of total population,Total,Türkiye,2017,6.0
Annual,From 15 to 74 years,Percentage of total population,Total,Türkiye,2018,6.1
Annual,From 15 to 74 years,Percentage of total population,Total,Türkiye,2019,7.6
Annual,From 15 to 74 years,Percentage of total population,Total,Türkiye,2020,6.8
Annual,From 15 to 74 years,Percentage of total population,Total,Türkiye,2021,6.4
Annual,From 15 to 74 years,Percentage of total population,Total,Türkiye,2022,5.8
Annual,From 15 to 74 years,Percentage of total population,Total,Türkiye,2023,5.3
Annual,From 15 to 74 years,Percentage of total population,Total,Türkiye,2024,5.0
Annual,From 15 to 74 years,Percentage of total population,Total,Türkiye,2025,4.7
Annual,From 15 to 74 years,Percentage of total population,Total,Bosnia and Herzegovina,2014,
Annual,From 15 to 74 years,Percentage of total population,Total,Bosnia and Herzegovina,2015,
Annual,From 15 to 74 years,Percentage of total population,Total,Bosnia and Herzegovina,2016,
Annual,From 15 to 74 years,Percentage of total population,Total,Bosnia and Herzegovina,2017,
Annual,From 15 to 74 years,Percentage of total population,Total,Bosnia and Herzegovina,2018,
Annual,From 15 to 74 years,Percentage of total population,Total,Bosnia and Herzegovina,2019,
Annual,From 15 to 74 years,Percentage of total population,Total,Bosnia and Herzegovina,2020,
Annual,From 15 to 74 years,Percentage of total population,Total,Bosnia and Herzegovina,2021,9.0
Annual,From 15 to 74 years,Percentage of total population,Total,Bosnia and Herzegovina,2022,7.9
Annual,From 15 to 74 years,Percentage of total population,Total,Bosnia and Herzegovina,2023,6.8
Annual,From 15 to 74 years,Percentage of total population,Total,Bosnia and Herzegovina,2024,6.7
Annual,From 15 to 74 years,Percentage of total population,Total,Bosnia and Herzegovina,2025,6.6
Annual,From 15 to 74 years,Thousand persons,Total,European Union - 27 countries (from 2020),2014,22917.0
Annual,From 15 to 74 years,Thousand persons,Total,European Union - 27 countries (from 2020),2015,21226.0
Annual,From 15 to 74 years,Thousand persons,Total,European Union - 27 countries (from 2020),2016,19407.0
Annual,From 15 to 74 years,Thousand persons,Total,European Union - 27 countries (from 2020),2017,17409.0
Annual,From 15 to 74 years,Thousand persons,Total,European Union - 27 countries (from 2020),2018,15602.0
Annual,From 15 to 74 years,Thousand persons,Total,European Union - 27 countries (from 2020),2019,14460.0
Annual,From 15 to 74 years,Thousand persons,Total,European Union - 27 countries (from 2020),2020,15135.0
Annual,From 15 to 74 years,Thousand persons,Total,European Union - 27 countries (from 2020),2021,14987.0
Annual,From 15 to 74 years,Thousand persons,Total,European Union - 27 countries (from 2020),2022,13318.0
Annual,From 15 to 74 years,Thousand persons,Total,European Union - 27 countries (from 2020),2023,13185.0
Annual,From 15 to 74 years,Thousand persons,Total,European Union - 27 countries (from 2020),2024,13097.0
Annual,From 15 to 74 years,Thousand persons,Total,European Union - 27 countries (from 2020),2025,13320.0
Annual,From 15 to 74 years,Thousand persons,Total,Euro area – 21 countries (from 2026),2014,19379.0
Annual,From 15 to 74 years,Thousand persons,Total,Euro area – 21 countries (from 2026),2015,18091.0
Annual,From 15 to 74 years,Thousand persons,Total,Euro area – 21 countries (from 2026),2016,16770.0
Annual,From 15 to 74 years,Thousand persons,Total,Euro area – 21 countries (from 2026),2017,15183.0
Annual,From 15 to 74 years,Thousand persons,Total,Euro area – 21 countries (from 2026),2018,13721.0
Annual,From 15 to 74 years,Thousand persons,Total,Euro area – 21 countries (from 2026),2019,12697.0
Annual,From 15 to 74 years,Thousand persons,Total,Euro area – 21 countries (from 2026),2020,13116.0
Annual,From 15 to 74 years,Thousand persons,Total,Euro area – 21 countries (from 2026),2021,12937.0
Annual,From 15 to 74 years,Thousand persons,Total,Euro area – 21 countries (from 2026),2022,11491.0
Annual,From 15 to 74 years,Thousand persons,Total,Euro area – 21 countries (from 2026),2023,11291.0
Annual,From 15 to 74 years,Thousand persons,Total,Euro area – 21 countries (from 2026),2024,11093.0
Annual,From 15 to 74 years,Thousand persons,Total,Euro area – 21 countries (from 2026),2025,11175.0
Annual,From 15 to 74 years,Thousand persons,Total,Euro area – 20 countries (2023-2025),2014,18963.0
Annual,From 15 to 74 years,Thousand persons,Total,Euro area – 20 countries (2023-2025),2015,17753.0
Annual,From 15 to 74 years,Thousand persons,Total,Euro area – 20 countries (2023-2025),2016,16490.0
Annual,From 15 to 74 years,Thousand persons,Total,Euro area – 20 countries (2023-2025),2017,14943.0
Annual,From 15 to 74 years,Thousand persons,Total,Euro area – 20 countries (2023-2025),2018,13514.0
Annual,From 15 to 74 years,Thousand persons,Total,Euro area – 20 countries (2023-2025),2019,12532.0
Annual,From 15 to 74 years,Thousand persons,Total,Euro area – 20 countries (2023-2025),2020,12929.0
Annual,From 15 to 74 years,Thousand persons,Total,Euro area – 20 countries (2023-2025),2021,12780.0
Annual,From 15 to 74 years,Thousand persons,Total,Euro area – 20 countries (2023-2025),2022,11364.0
Annual,From 15 to 74 years,Thousand persons,Total,Euro area – 20 countries (2023-2025),2023,11158.0
Annual,From 15 to 74 years,Thousand persons,Total,Euro area – 20 countries (2023-2025),2024,10966.0
Annual,From 15 to 74 years,Thousand persons,Total,Euro area – 20 countries (2023-2025),2025,11068.0
Annual,From 15 to 74 years,Thousand persons,Total,Euro area - 19 countries  (2015-2022),2014,
Annual,From 15 to 74 years,Thousand persons,Total,Euro area - 19 countries  (2015-2022),2015,
Annual,From 15 to 74 years,Thousand persons,Total,Euro area - 19 countries  (2015-2022),2016,
Annual,From 15 to 74 years,Thousand persons,Total,Euro area - 19 countries  (2015-2022),2017,
Annual,From 15 to 74 years,Thousand persons,Total,Euro area - 19 countries  (2015-2022),2018,
Annual,From 15 to 74 years,Thousand persons,Total,Euro area - 19 countries  (2015-2022),2019,
Annual,From 15 to 74 years,Thousand persons,Total,Euro area - 19 countries  (2015-2022),2020,
Annual,From 15 to 74 years,Thousand persons,Total,Euro area - 19 countries  (2015-2022),2021,
Annual,From 15 to 74 years,Thousand persons,Total,Euro area - 19 countries  (2015-2022),2022,
Annual,From 15 to 74 years,Thousand persons,Total,Euro area - 19 countries  (2015-2022),2023,
Annual,From 15 to 74 years,Thousand persons,Total,Euro area - 19 countries  (2015-2022),2024,
Annual,From 15 to 74 years,Thousand persons,Total,Euro area - 19 countries  (2015-2022),2025,
Annual,From 15 to 74 years,Thousand persons,Total,Belgium,2014,430.0
Annual,From 15 to 74 years,Thousand persons,Total,Belgium,2015,430.0
Annual,From 15 to 74 years,Thousand persons,Total,Belgium,2016,395.0
Annual,From 15 to 74 years,Thousand persons,Total,Belgium,2017,357.0
Annual,From 15 to 74 years,Thousand persons,Total,Belgium,2018,305.0
Annual,From 15 to 74 years,Thousand persons,Total,Belgium,2019,278.0
Annual,From 15 to 74 years,Thousand persons,Total,Belgium,2020,291.0
Annual,From 15 to 74 years,Thousand persons,Total,Belgium,2021,324.0
Annual,From 15 to 74 years,Thousand persons,Total,Belgium,2022,294.0
Annual,From 15 to 74 years,Thousand persons,Total,Belgium,2023,294.0
Annual,From 15 to 74 years,Thousand persons,Total,Belgium,2024,306.0
Annual,From 15 to 74 years,Thousand persons,Total,Belgium,2025,339.0
Annual,From 15 to 74 years,Thousand persons,Total,Bulgaria,2014,417.0
Annual,From 15 to 74 years,Thousand persons,Total,Bulgaria,2015,337.0
Annual,From 15 to 74 years,Thousand persons,Total,Bulgaria,2016,280.0
Annual,From 15 to 74 years,Thousand persons,Total,Bulgaria,2017,240.0
Annual,From 15 to 74 years,Thousand persons,Total,Bulgaria,2018,206.0
Annual,From 15 to 74 years,Thousand persons,Total,Bulgaria,2019,165.0
Annual,From 15 to 74 years,Thousand persons,Total,Bulgaria,2020,187.0
Annual,From 15 to 74 years,Thousand persons,Total,Bulgaria,2021,157.0
Annual,From 15 to 74 years,Thousand persons,Total,Bulgaria,2022,127.0
Annual,From 15 to 74 years,Thousand persons,Total,Bulgaria,2023,132.0
Annual,From 15 to 74 years,Thousand persons,Total,Bulgaria,2024,127.0
Annual,From 15 to 74 years,Thousand persons,Total,Bulgaria,2025,107.0
Annual,From 15 to 74 years,Thousand persons,Total,Czechia,2014,324.0
Annual,From 15 to 74 years,Thousand persons,Total,Czechia,2015,268.0
Annual,From 15 to 74 years,Thousand persons,Total,Czechia,2016,211.0
Annual,From 15 to 74 years,Thousand persons,Total,Czechia,2017,155.0
Annual,From 15 to 74 years,Thousand persons,Total,Czechia,2018,121.0
Annual,From 15 to 74 years,Thousand persons,Total,Czechia,2019,109.0
Annual,From 15 to 74 years,Thousand persons,Total,Czechia,2020,137.0
Annual,From 15 to 74 years,Thousand persons,Total,Czechia,2021,150.0
Annual,From 15 to 74 years,Thousand persons,Total,Czechia,2022,118.0
Annual,From 15 to 74 years,Thousand persons,Total,Czechia,2023,134.0
Annual,From 15 to 74 years,Thousand persons,Total,Czechia,2024,139.0
Annual,From 15 to 74 years,Thousand persons,Total,Czechia,2025,151.0
Annual,From 15 to 74 years,Thousand persons,Total,Denmark,2014,198.0
Annual,From 15 to 74 years,Thousand persons,Total,Denmark,2015,181.0
Annual,From 15 to 74 years,Thousand persons,Total,Denmark,2016,176.0
Annual,From 15 to 74 years,Thousand persons,Total,Denmark,2017,173.0
Annual,From 15 to 74 years,Thousand persons,Total,Denmark,2018,153.0
Annual,From 15 to 74 years,Thousand persons,Total,Denmark,2019,152.0
Annual,From 15 to 74 years,Thousand persons,Total,Denmark,2020,171.0
Annual,From 15 to 74 years,Thousand persons,Total,Denmark,2021,155.0
Annual,From 15 to 74 years,Thousand persons,Total,Denmark,2022,139.0
Annual,From 15 to 74 years,Thousand persons,Total,Denmark,2023,162.0
Annual,From 15 to 74 years,Thousand persons,Total,Denmark,2024,202.0
Annual,From 15 to 74 years,Thousand persons,Total,Denmark,2025,209.0
Annual,From 15 to 74 years,Thousand persons,Total,Germany,2014,1930.0
Annual,From 15 to 74 years,Thousand persons,Total,Germany,2015,1794.0
Annual,From 15 to 74 years,Thousand persons,Total,Germany,2016,1630.0
Annual,From 15 to 74 years,Thousand persons,Total,Germany,2017,1487.0
Annual,From 15 to 74 years,Thousand persons,Total,Germany,2018,1341.0
Annual,From 15 to 74 years,Thousand persons,Total,Germany,2019,1250.0
Annual,From 15 to 74 years,Thousand persons,Total,Germany,2020,1512.0
Annual,From 15 to 74 years,Thousand persons,Total,Germany,2021,1517.0
Annual,From 15 to 74 years,Thousand persons,Total,Germany,2022,1355.0
Annual,From 15 to 74 years,Thousand persons,Total,Germany,2023,1342.0
Annual,From 15 to 74 years,Thousand persons,Total,Germany,2024,1518.0
Annual,From 15 to 74 years,Thousand persons,Total,Germany,2025,1692.0
Annual,From 15 to 74 years,Thousand persons,Total,Estonia,2014,50.0
Annual,From 15 to 74 years,Thousand persons,Total,Estonia,2015,43.0
Annual,From 15 to 74 years,Thousand persons,Total,Estonia,2016,47.0
Annual,From 15 to 74 years,Thousand persons,Total,Estonia,2017,40.0
Annual,From 15 to 74 years,Thousand persons,Total,Estonia,2018,38.0
Annual,From 15 to 74 years,Thousand persons,Total,Estonia,2019,31.0
Annual,From 15 to 74 years,Thousand persons,Total,Estonia,2020,48.0
Annual,From 15 to 74 years,Thousand persons,Total,Estonia,2021,43.0
Annual,From 15 to 74 years,Thousand persons,Total,Estonia,2022,40.0
Annual,From 15 to 74 years,Thousand persons,Total,Estonia,2023,48.0
Annual,From 15 to 74 years,Thousand persons,Total,Estonia,2024,57.0
Annual,From 15 to 74 years,Thousand persons,Total,Estonia,2025,56.0
Annual,From 15 to 74 years,Thousand persons,Total,Ireland,2014,267.0
Annual,From 15 to 74 years,Thousand persons,Total,Ireland,2015,225.0
Annual,From 15 to 74 years,Thousand persons,Total,Ireland,2016,195.0
Annual,From 15 to 74 years,Thousand persons,Total,Ireland,2017,158.0
Annual,From 15 to 74 years,Thousand persons,Total,Ireland,2018,138.0
Annual,From 15 to 74 years,Thousand persons,Total,Ireland,2019,121.0
Annual,From 15 to 74 years,Thousand persons,Total,Ireland,2020,139.0
Annual,From 15 to 74 years,Thousand persons,Total,Ireland,2021,160.0
Annual,From 15 to 74 years,Thousand persons,Total,Ireland,2022,121.0
Annual,From 15 to 74 years,Thousand persons,Total,Ireland,2023,120.0
Annual,From 15 to 74 years,Thousand persons,Total,Ireland,2024,123.0
Annual,From 15 to 74 years,Thousand persons,Total,Ireland,2025,137.0
Annual,From 15 to 74 years,Thousand persons,Total,Greece,2014,1277.0
Annual,From 15 to 74 years,Thousand persons,Total,Greece,2015,1198.0
Annual,From 15 to 74 years,Thousand persons,Total,Greece,2016,1146.0
Annual,From 15 to 74 years,Thousand persons,Total,Greece,2017,1043.0
Annual,From 15 to 74 years,Thousand persons,Total,Greece,2018,935.0
Annual,From 15 to 74 years,Thousand persons,Total,Greece,2019,847.0
Annual,From 15 to 74 years,Thousand persons,Total,Greece,2020,791.0
Annual,From 15 to 74 years,Thousand persons,Total,Greece,2021,678.0
Annual,From 15 to 74 years,Thousand persons,Total,Greece,2022,588.0
Annual,From 15 to 74 years,Thousand persons,Total,Greece,2023,522.0
Annual,From 15 to 74 years,Thousand persons,Total,Greece,2024,480.0
Annual,From 15 to 74 years,Thousand persons,Total,Greece,2025,422.0
Annual,From 15 to 74 years,Thousand persons,Total,Spain,2014,5610.0
Annual,From 15 to 74 years,Thousand persons,Total,Spain,2015,5056.0
Annual,From 15 to 74 years,Thousand persons,Total,Spain,2016,4481.0
Annual,From 15 to 74 years,Thousand persons,Total,Spain,2017,3917.0
Annual,From 15 to 74 years,Thousand persons,Total,Spain,2018,3479.0
Annual,From 15 to 74 years,Thousand persons,Total,Spain,2019,3248.0
Annual,From 15 to 74 years,Thousand persons,Total,Spain,2020,3531.0
Annual,From 15 to 74 years,Thousand persons,Total,Spain,2021,3476.0
Annual,From 15 to 74 years,Thousand persons,Total,Spain,2022,3079.0
Annual,From 15 to 74 years,Thousand persons,Total,Spain,2023,2937.0
Annual,From 15 to 74 years,Thousand persons,Total,Spain,2024,2771.0
Annual,From 15 to 74 years,Thousand persons,Total,Spain,2025,2608.0
Annual,From 15 to 74 years,Thousand persons,Total,France,2014,3042.0
Annual,From 15 to 74 years,Thousand persons,Total,France,2015,3073.0
Annual,From 15 to 74 years,Thousand persons,Total,France,2016,2992.0
Annual,From 15 to 74 years,Thousand persons,Total,France,2017,2807.0
Annual,From 15 to 74 years,Thousand persons,Total,France,2018,2701.0
Annual,From 15 to 74 years,Thousand persons,Total,France,2019,2519.0
Annual,From 15 to 74 years,Thousand persons,Total,France,2020,2381.0
Annual,From 15 to 74 years,Thousand persons,Total,France,2021,2365.0
Annual,From 15 to 74 years,Thousand persons,Total,France,2022,2234.0
Annual,From 15 to 74 years,Thousand persons,Total,France,2023,2263.0
Annual,From 15 to 74 years,Thousand persons,Total,France,2024,2331.0
Annual,From 15 to 74 years,Thousand persons,Total,France,2025,2451.0
Annual,From 15 to 74 years,Thousand persons,Total,Croatia,2014,320.0
Annual,From 15 to 74 years,Thousand persons,Total,Croatia,2015,299.0
Annual,From 15 to 74 years,Thousand persons,Total,Croatia,2016,231.0
Annual,From 15 to 74 years,Thousand persons,Total,Croatia,2017,195.0
Annual,From 15 to 74 years,Thousand persons,Total,Croatia,2018,143.0
Annual,From 15 to 74 years,Thousand persons,Total,Croatia,2019,111.0
Annual,From 15 to 74 years,Thousand persons,Total,Croatia,2020,125.0
Annual,From 15 to 74 years,Thousand persons,Total,Croatia,2021,128.0
Annual,From 15 to 74 years,Thousand persons,Total,Croatia,2022,117.0
Annual,From 15 to 74 years,Thousand persons,Total,Croatia,2023,106.0
Annual,From 15 to 74 years,Thousand persons,Total,Croatia,2024,89.0
Annual,From 15 to 74 years,Thousand persons,Total,Croatia,2025,87.0
Annual,From 15 to 74 years,Thousand persons,Total,Italy,2014,3223.0
Annual,From 15 to 74 years,Thousand persons,Total,Italy,2015,3009.0
Annual,From 15 to 74 years,Thousand persons,Total,Italy,2016,2978.0
Annual,From 15 to 74 years,Thousand persons,Total,Italy,2017,2873.0
Annual,From 15 to 74 years,Thousand persons,Total,Italy,2018,2709.0
Annual,From 15 to 74 years,Thousand persons,Total,Italy,2019,2540.0
Annual,From 15 to 74 years,Thousand persons,Total,Italy,2020,2301.0
Annual,From 15 to 74 years,Thousand persons,Total,Italy,2021,2367.0
Annual,From 15 to 74 years,Thousand persons,Total,Italy,2022,2027.0
Annual,From 15 to 74 years,Thousand persons,Total,Italy,2023,1947.0
Annual,From 15 to 74 years,Thousand persons,Total,Italy,2024,1664.0
Annual,From 15 to 74 years,Thousand persons,Total,Italy,2025,1576.0
Annual,From 15 to 74 years,Thousand persons,Total,Cyprus,2014,70.0
Annual,From 15 to 74 years,Thousand persons,Total,Cyprus,2015,63.0
Annual,From 15 to 74 years,Thousand persons,Total,Cyprus,2016,54.0
Annual,From 15 to 74 years,Thousand persons,Total,Cyprus,2017,47.0
Annual,From 15 to 74 years,Thousand persons,Total,Cyprus,2018,37.0
Annual,From 15 to 74 years,Thousand persons,Total,Cyprus,2019,33.0
Annual,From 15 to 74 years,Thousand persons,Total,Cyprus,2020,35.0
Annual,From 15 to 74 years,Thousand persons,Total,Cyprus,2021,34.0
Annual,From 15 to 74 years,Thousand persons,Total,Cyprus,2022,31.0
Annual,From 15 to 74 years,Thousand persons,Total,Cyprus,2023,29.0
Annual,From 15 to 74 years,Thousand persons,Total,Cyprus,2024,25.0
Annual,From 15 to 74 years,Thousand persons,Total,Cyprus,2025,23.0
Annual,From 15 to 74 years,Thousand persons,Total,Latvia,2014,108.0
Annual,From 15 to 74 years,Thousand persons,Total,Latvia,2015,98.0
Annual,From 15 to 74 years,Thousand persons,Total,Latvia,2016,96.0
Annual,From 15 to 74 years,Thousand persons,Total,Latvia,2017,86.0
Annual,From 15 to 74 years,Thousand persons,Total,Latvia,2018,73.0
Annual,From 15 to 74 years,Thousand persons,Total,Latvia,2019,62.0
Annual,From 15 to 74 years,Thousand persons,Total,Latvia,2020,79.0
Annual,From 15 to 74 years,Thousand persons,Total,Latvia,2021,71.0
Annual,From 15 to 74 years,Thousand persons,Total,Latvia,2022,65.0
Annual,From 15 to 74 years,Thousand persons,Total,Latvia,2023,62.0
Annual,From 15 to 74 years,Thousand persons,Total,Latvia,2024,65.0
Annual,From 15 to 74 years,Thousand persons,Total,Latvia,2025,66.0
Annual,From 15 to 74 years,Thousand persons,Total,Lithuania,2014,158.0
Annual,From 15 to 74 years,Thousand persons,Total,Lithuania,2015,134.0
Annual,From 15 to 74 years,Thousand persons,Total,Lithuania,2016,116.0
Annual,From 15 to 74 years,Thousand persons,Total,Lithuania,2017,103.0
Annual,From 15 to 74 years,Thousand persons,Total,Lithuania,2018,90.0
Annual,From 15 to 74 years,Thousand persons,Total,Lithuania,2019,92.0
Annual,From 15 to 74 years,Thousand persons,Total,Lithuania,2020,126.0
Annual,From 15 to 74 years,Thousand persons,Total,Lithuania,2021,105.0
Annual,From 15 to 74 years,Thousand persons,Total,Lithuania,2022,90.0
Annual,From 15 to 74 years,Thousand persons,Total,Lithuania,2023,106.0
Annual,From 15 to 74 years,Thousand persons,Total,Lithuania,2024,112.0
Annual,From 15 to 74 years,Thousand persons,Total,Lithuania,2025,108.0
Annual,From 15 to 74 years,Thousand persons,Total,Luxembourg,2014,15.0
Annual,From 15 to 74 years,Thousand persons,Total,Luxembourg,2015,18.0
Annual,From 15 to 74 years,Thousand persons,Total,Luxembourg,2016,17.0
Annual,From 15 to 74 years,Thousand persons,Total,Luxembourg,2017,16.0
Annual,From 15 to 74 years,Thousand persons,Total,Luxembourg,2018,17.0
Annual,From 15 to 74 years,Thousand persons,Total,Luxembourg,2019,17.0
Annual,From 15 to 74 years,Thousand persons,Total,Luxembourg,2020,21.0
Annual,From 15 to 74 years,Thousand persons,Total,Luxembourg,2021,17.0
Annual,From 15 to 74 years,Thousand persons,Total,Luxembourg,2022,15.0
Annual,From 15 to 74 years,Thousand persons,Total,Luxembourg,2023,18.0
Annual,From 15 to 74 years,Thousand persons,Total,Luxembourg,2024,22.0
Annual,From 15 to 74 years,Thousand persons,Total,Luxembourg,2025,23.0
Annual,From 15 to 74 years,Thousand persons,Total,Hungary,2014,343.0
Annual,From 15 to 74 years,Thousand persons,Total,Hungary,2015,308.0
Annual,From 15 to 74 years,Thousand persons,Total,Hungary,2016,234.0
Annual,From 15 to 74 years,Thousand persons,Total,Hungary,2017,192.0
Annual,From 15 to 74 years,Thousand persons,Total,Hungary,2018,169.0
Annual,From 15 to 74 years,Thousand persons,Total,Hungary,2019,158.0
Annual,From 15 to 74 years,Thousand persons,Total,Hungary,2020,196.0
Annual,From 15 to 74 years,Thousand persons,Total,Hungary,2021,193.0
Annual,From 15 to 74 years,Thousand persons,Total,Hungary,2022,174.0
Annual,From 15 to 74 years,Thousand persons,Total,Hungary,2023,201.0
Annual,From 15 to 74 years,Thousand persons,Total,Hungary,2024,220.0
Annual,From 15 to 74 years,Thousand persons,Total,Hungary,2025,216.0
Annual,From 15 to 74 years,Thousand persons,Total,Malta,2014,12.0
Annual,From 15 to 74 years,Thousand persons,Total,Malta,2015,11.0
Annual,From 15 to 74 years,Thousand persons,Total,Malta,2016,10.0
Annual,From 15 to 74 years,Thousand persons,Total,Malta,2017,9.0
Annual,From 15 to 74 years,Thousand persons,Total,Malta,2018,10.0
Annual,From 15 to 74 years,Thousand persons,Total,Malta,2019,11.0
Annual,From 15 to 74 years,Thousand persons,Total,Malta,2020,13.0
Annual,From 15 to 74 years,Thousand persons,Total,Malta,2021,10.0
Annual,From 15 to 74 years,Thousand persons,Total,Malta,2022,10.0
Annual,From 15 to 74 years,Thousand persons,Total,Malta,2023,11.0
Annual,From 15 to 74 years,Thousand persons,Total,Malta,2024,10.0
Annual,From 15 to 74 years,Thousand persons,Total,Malta,2025,10.0
Annual,From 15 to 74 years,Thousand persons,Total,Netherlands,2014,769.0
Annual,From 15 to 74 years,Thousand persons,Total,Netherlands,2015,723.0
Annual,From 15 to 74 years,Thousand persons,Total,Netherlands,2016,647.0
Annual,From 15 to 74 years,Thousand persons,Total,Netherlands,2017,547.0
Annual,From 15 to 74 years,Thousand persons,Total,Netherlands,2018,459.0
Annual,From 15 to 74 years,Thousand persons,Total,Netherlands,2019,423.0
Annual,From 15 to 74 years,Thousand persons,Total,Netherlands,2020,466.0
Annual,From 15 to 74 years,Thousand persons,Total,Netherlands,2021,408.0
Annual,From 15 to 74 years,Thousand persons,Total,Netherlands,2022,350.0
Annual,From 15 to 74 years,Thousand persons,Total,Netherlands,2023,359.0
Annual,From 15 to 74 years,Thousand persons,Total,Netherlands,2024,372.0
Annual,From 15 to 74 years,Thousand persons,Total,Netherlands,2025,396.0
Annual,From 15 to 74 years,Thousand persons,Total,Austria,2014,263.0
Annual,From 15 to 74 years,Thousand persons,Total,Austria,2015,271.0
Annual,From 15 to 74 years,Thousand persons,Total,Austria,2016,290.0
Annual,From 15 to 74 years,Thousand persons,Total,Austria,2017,267.0
Annual,From 15 to 74 years,Thousand persons,Total,Austria,2018,237.0
Annual,From 15 to 74 years,Thousand persons,Total,Austria,2019,220.0
Annual,From 15 to 74 years,Thousand persons,Total,Austria,2020,272.0
Annual,From 15 to 74 years,Thousand persons,Total,Austria,2021,284.0
Annual,From 15 to 74 years,Thousand persons,Total,Austria,2022,221.0
Annual,From 15 to 74 years,Thousand persons,Total,Austria,2023,241.0
Annual,From 15 to 74 years,Thousand persons,Total,Austria,2024,244.0
Annual,From 15 to 74 years,Thousand persons,Total,Austria,2025,270.0
Annual,From 15 to 74 years,Thousand persons,Total,Poland,2014,1566.0
Annual,From 15 to 74 years,Thousand persons,Total,Poland,2015,1304.0
Annual,From 15 to 74 years,Thousand persons,Total,Poland,2016,1063.0
Annual,From 15 to 74 years,Thousand persons,Total,Poland,2017,843.0
Annual,From 15 to 74 years,Thousand persons,Total,Poland,2018,659.0
Annual,From 15 to 74 years,Thousand persons,Total,Poland,2019,567.0
Annual,From 15 to 74 years,Thousand persons,Total,Poland,2020,552.0
Annual,From 15 to 74 years,Thousand persons,Total,Poland,2021,599.0
Annual,From 15 to 74 years,Thousand persons,Total,Poland,2022,511.0
Annual,From 15 to 74 years,Thousand persons,Total,Poland,2023,502.0
Annual,From 15 to 74 years,Thousand persons,Total,Poland,2024,512.0
Annual,From 15 to 74 years,Thousand persons,Total,Poland,2025,558.0
Annual,From 15 to 74 years,Thousand persons,Total,Portugal,2014,725.0
Annual,From 15 to 74 years,Thousand persons,Total,Portugal,2015,645.0
Annual,From 15 to 74 years,Thousand persons,Total,Portugal,2016,574.0
Annual,From 15 to 74 years,Thousand persons,Total,Portugal,2017,465.0
Annual,From 15 to 74 years,Thousand persons,Total,Portugal,2018,366.0
Annual,From 15 to 74 years,Thousand persons,Total,Portugal,2019,339.0
Annual,From 15 to 74 years,Thousand persons,Total,Portugal,2020,354.0
Annual,From 15 to 74 years,Thousand persons,Total,Portugal,2021,344.0
Annual,From 15 to 74 years,Thousand persons,Total,Portugal,2022,323.0
Annual,From 15 to 74 years,Thousand persons,Total,Portugal,2023,351.0
Annual,From 15 to 74 years,Thousand persons,Total,Portugal,2024,351.0
Annual,From 15 to 74 years,Thousand persons,Total,Portugal,2025,337.0
Annual,From 15 to 74 years,Thousand persons,Total,Romania,2014,693.0
Annual,From 15 to 74 years,Thousand persons,Total,Romania,2015,683.0
Annual,From 15 to 74 years,Thousand persons,Total,Romania,2016,581.0
Annual,From 15 to 74 years,Thousand persons,Total,Romania,2017,500.0
Annual,From 15 to 74 years,Thousand persons,Total,Romania,2018,429.0
Annual,From 15 to 74 years,Thousand persons,Total,Romania,2019,400.0
Annual,From 15 to 74 years,Thousand persons,Total,Romania,2020,497.0
Annual,From 15 to 74 years,Thousand persons,Total,Romania,2021,459.0
Annual,From 15 to 74 years,Thousand persons,Total,Romania,2022,465.0
Annual,From 15 to 74 years,Thousand persons,Total,Romania,2023,456.0
Annual,From 15 to 74 years,Thousand persons,Total,Romania,2024,451.0
Annual,From 15 to 74 years,Thousand persons,Total,Romania,2025,500.0
Annual,From 15 to 74 years,Thousand persons,Total,Slovenia,2014,98.0
Annual,From 15 to 74 years,Thousand persons,Total,Slovenia,2015,90.0
Annual,From 15 to 74 years,Thousand persons,Total,Slovenia,2016,79.0
Annual,From 15 to 74 years,Thousand persons,Total,Slovenia,2017,67.0
Annual,From 15 to 74 years,Thousand persons,Total,Slovenia,2018,52.0
Annual,From 15 to 74 years,Thousand persons,Total,Slovenia,2019,45.0
Annual,From 15 to 74 years,Thousand persons,Total,Slovenia,2020,51.0
Annual,From 15 to 74 years,Thousand persons,Total,Slovenia,2021,48.0
Annual,From 15 to 74 years,Thousand persons,Total,Slovenia,2022,41.0
Annual,From 15 to 74 years,Thousand persons,Total,Slovenia,2023,38.0
Annual,From 15 to 74 years,Thousand persons,Total,Slovenia,2024,38.0
Annual,From 15 to 74 years,Thousand persons,Total,Slovenia,2025,40.0
Annual,From 15 to 74 years,Thousand persons,Total,Slovakia,2014,366.0
Annual,From 15 to 74 years,Thousand persons,Total,Slovakia,2015,323.0
Annual,From 15 to 74 years,Thousand persons,Total,Slovakia,2016,274.0
Annual,From 15 to 74 years,Thousand persons,Total,Slovakia,2017,229.0
Annual,From 15 to 74 years,Thousand persons,Total,Slovakia,2018,184.0
Annual,From 15 to 74 years,Thousand persons,Total,Slovakia,2019,161.0
Annual,From 15 to 74 years,Thousand persons,Total,Slovakia,2020,186.0
Annual,From 15 to 74 years,Thousand persons,Total,Slovakia,2021,188.0
Annual,From 15 to 74 years,Thousand persons,Total,Slovakia,2022,170.0
Annual,From 15 to 74 years,Thousand persons,Total,Slovakia,2023,162.0
Annual,From 15 to 74 years,Thousand persons,Total,Slovakia,2024,148.0
Annual,From 15 to 74 years,Thousand persons,Total,Slovakia,2025,150.0
Annual,From 15 to 74 years,Thousand persons,Total,Finland,2014,232.0
Annual,From 15 to 74 years,Thousand persons,Total,Finland,2015,250.0
Annual,From 15 to 74 years,Thousand persons,Total,Finland,2016,236.0
Annual,From 15 to 74 years,Thousand persons,Total,Finland,2017,233.0
Annual,From 15 to 74 years,Thousand persons,Total,Finland,2018,202.0
Annual,From 15 to 74 years,Thousand persons,Total,Finland,2019,184.0
Annual,From 15 to 74 years,Thousand persons,Total,Finland,2020,209.0
Annual,From 15 to 74 years,Thousand persons,Total,Finland,2021,212.0
Annual,From 15 to 74 years,Thousand persons,Total,Finland,2022,190.0
Annual,From 15 to 74 years,Thousand persons,Total,Finland,2023,204.0
Annual,From 15 to 74 years,Thousand persons,Total,Finland,2024,238.0
Annual,From 15 to 74 years,Thousand persons,Total,Finland,2025,278.0
Annual,From 15 to 74 years,Thousand persons,Total,Sweden,2014,414.0
Annual,From 15 to 74 years,Thousand persons,Total,Sweden,2015,391.0
Annual,From 15 to 74 years,Thousand persons,Total,Sweden,2016,371.0
Annual,From 15 to 74 years,Thousand persons,Total,Sweden,2017,363.0
Annual,From 15 to 74 years,Thousand persons,Total,Sweden,2018,349.0
Annual,From 15 to 74 years,Thousand persons,Total,Sweden,2019,377.0
Annual,From 15 to 74 years,Thousand persons,Total,Sweden,2020,466.0
Annual,From 15 to 74 years,Thousand persons,Total,Sweden,2021,493.0
Annual,From 15 to 74 years,Thousand persons,Total,Sweden,2022,421.0
Annual,From 15 to 74 years,Thousand persons,Total,Sweden,2023,440.0
Annual,From 15 to 74 years,Thousand persons,Total,Sweden,2024,480.0
Annual,From 15 to 74 years,Thousand persons,Total,Sweden,2025,510.0
Annual,From 15 to 74 years,Thousand persons,Total,Iceland,2014,9.0
Annual,From 15 to 74 years,Thousand persons,Total,Iceland,2015,8.0
Annual,From 15 to 74 years,Thousand persons,Total,Iceland,2016,6.0
Annual,From 15 to 74 years,Thousand persons,Total,Iceland,2017,5.0
Annual,From 15 to 74 years,Thousand persons,Total,Iceland,2018,6.0
Annual,From 15 to 74 years,Thousand persons,Total,Iceland,2019,7.0
Annual,From 15 to 74 years,Thousand persons,Total,Iceland,2020,11.0
Annual,From 15 to 74 years,Thousand persons,Total,Iceland,2021,13.0
Annual,From 15 to 74 years,Thousand persons,Total,Iceland,2022,8.0
Annual,From 15 to 74 years,Thousand persons,Total,Iceland,2023,8.0
Annual,From 15 to 74 years,Thousand persons,Total,Iceland,2024,8.0
Annual,From 15 to 74 years,Thousand persons,Total,Iceland,2025,11.0
Annual,From 15 to 74 years,Thousand persons,Total,Liechtenstein,2014,
Annual,From 15 to 74 years,Thousand persons,Total,Liechtenstein,2015,
Annual,From 15 to 74 years,Thousand persons,Total,Liechtenstein,2016,
Annual,From 15 to 74 years,Thousand persons,Total,Liechtenstein,2017,
Annual,From 15 to 74 years,Thousand persons,Total,Liechtenstein,2018,
Annual,From 15 to 74 years,Thousand persons,Total,Liechtenstein,2019,
Annual,From 15 to 74 years,Thousand persons,Total,Liechtenstein,2020,
Annual,From 15 to 74 years,Thousand persons,Total,Liechtenstein,2021,
Annual,From 15 to 74 years,Thousand persons,Total,Liechtenstein,2022,
Annual,From 15 to 74 years,Thousand persons,Total,Liechtenstein,2023,
Annual,From 15 to 74 years,Thousand persons,Total,Liechtenstein,2024,
Annual,From 15 to 74 years,Thousand persons,Total,Liechtenstein,2025,
Annual,From 15 to 74 years,Thousand persons,Total,Norway,2014,104.0
Annual,From 15 to 74 years,Thousand persons,Total,Norway,2015,131.0
Annual,From 15 to 74 years,Thousand persons,Total,Norway,2016,137.0
Annual,From 15 to 74 years,Thousand persons,Total,Norway,2017,122.0
Annual,From 15 to 74 years,Thousand persons,Total,Norway,2018,113.0
Annual,From 15 to 74 years,Thousand persons,Total,Norway,2019,111.0
Annual,From 15 to 74 years,Thousand persons,Total,Norway,2020,136.0
Annual,From 15 to 74 years,Thousand persons,Total,Norway,2021,128.0
Annual,From 15 to 74 years,Thousand persons,Total,Norway,2022,96.0
Annual,From 15 to 74 years,Thousand persons,Total,Norway,2023,107.0
Annual,From 15 to 74 years,Thousand persons,Total,Norway,2024,121.0
Annual,From 15 to 74 years,Thousand persons,Total,Norway,2025,136.0
Annual,From 15 to 74 years,Thousand persons,Total,Switzerland,2014,227.0
Annual,From 15 to 74 years,Thousand persons,Total,Switzerland,2015,229.0
Annual,From 15 to 74 years,Thousand persons,Total,Switzerland,2016,238.0
Annual,From 15 to 74 years,Thousand persons,Total,Switzerland,2017,234.0
Annual,From 15 to 74 years,Thousand persons,Total,Switzerland,2018,231.0
Annual,From 15 to 74 years,Thousand persons,Total,Switzerland,2019,216.0
Annual,From 15 to 74 years,Thousand persons,Total,Switzerland,2020,238.0
Annual,From 15 to 74 years,Thousand persons,Total,Switzerland,2021,248.0
Annual,From 15 to 74 years,Thousand persons,Total,Switzerland,2022,204.0
Annual,From 15 to 74 years,Thousand persons,Total,Switzerland,2023,204.0
Annual,From 15 to 74 years,Thousand persons,Total,Switzerland,2024,221.0
Annual,From 15 to 74 years,Thousand persons,Total,Switzerland,2025,249.0
Annual,From 15 to 74 years,Thousand persons,Total,United Kingdom,2014,
Annual,From 15 to 74 years,Thousand persons,Total,United Kingdom,2015,
Annual,From 15 to 74 years,Thousand persons,Total,United Kingdom,2016,
Annual,From 15 to 74 years,Thousand persons,Total,United Kingdom,2017,
Annual,From 15 to 74 years,Thousand persons,Total,United Kingdom,2018,
Annual,From 15 to 74 years,Thousand persons,Total,United Kingdom,2019,
Annual,From 15 to 74 years,Thousand persons,Total,United Kingdom,2020,
Annual,From 15 to 74 years,Thousand persons,Total,United Kingdom,2021,
Annual,From 15 to 74 years,Thousand persons,Total,United Kingdom,2022,
Annual,From 15 to 74 years,Thousand persons,Total,United Kingdom,2023,
Annual,From 15 to 74 years,Thousand persons,Total,United Kingdom,2024,
Annual,From 15 to 74 years,Thousand persons,Total,United Kingdom,2025,
Annual,From 15 to 74 years,Thousand persons,Total,Montenegro,2014,47.0
Annual,From 15 to 74 years,Thousand persons,Total,Montenegro,2015,47.0
Annual,From 15 to 74 years,Thousand persons,Total,Montenegro,2016,48.0
Annual,From 15 to 74 years,Thousand persons,Total,Montenegro,2017,44.0
Annual,From 15 to 74 years,Thousand persons,Total,Montenegro,2018,42.0
Annual,From 15 to 74 years,Thousand persons,Total,Montenegro,2019,43.0
Annual,From 15 to 74 years,Thousand persons,Total,Montenegro,2020,48.0
Annual,From 15 to 74 years,Thousand persons,Total,Montenegro,2021,
Annual,From 15 to 74 years,Thousand persons,Total,Montenegro,2022,
Annual,From 15 to 74 years,Thousand persons,Total,Montenegro,2023,
Annual,From 15 to 74 years,Thousand persons,Total,Montenegro,2024,
Annual,From 15 to 74 years,Thousand persons,Total,Montenegro,2025,
Annual,From 15 to 74 years,Thousand persons,Total,North Macedonia,2014,269.0
Annual,From 15 to 74 years,Thousand persons,Total,North Macedonia,2015,249.0
Annual,From 15 to 74 years,Thousand persons,Total,North Macedonia,2016,225.0
Annual,From 15 to 74 years,Thousand persons,Total,North Macedonia,2017,214.0
Annual,From 15 to 74 years,Thousand persons,Total,North Macedonia,2018,199.0
Annual,From 15 to 74 years,Thousand persons,Total,North Macedonia,2019,166.0
Annual,From 15 to 74 years,Thousand persons,Total,North Macedonia,2020,156.0
Annual,From 15 to 74 years,Thousand persons,Total,North Macedonia,2021,127.0
Annual,From 15 to 74 years,Thousand persons,Total,North Macedonia,2022,116.0
Annual,From 15 to 74 years,Thousand persons,Total,North Macedonia,2023,104.0
Annual,From 15 to 74 years,Thousand persons,Total,North Macedonia,2024,98.0
Annual,From 15 to 74 years,Thousand persons,Total,North Macedonia,2025,92.0
Annual,From 15 to 74 years,Thousand persons,Total,Albania,2014,
Annual,From 15 to 74 years,Thousand persons,Total,Albania,2015,
Annual,From 15 to 74 years,Thousand persons,Total,Albania,2016,
Annual,From 15 to 74 years,Thousand persons,Total,Albania,2017,
Annual,From 15 to 74 years,Thousand persons,Total,Albania,2018,
Annual,From 15 to 74 years,Thousand persons,Total,Albania,2019,
Annual,From 15 to 74 years,Thousand persons,Total,Albania,2020,
Annual,From 15 to 74 years,Thousand persons,Total,Albania,2021,
Annual,From 15 to 74 years,Thousand persons,Total,Albania,2022,
Annual,From 15 to 74 years,Thousand persons,Total,Albania,2023,
Annual,From 15 to 74 years,Thousand persons,Total,Albania,2024,
Annual,From 15 to 74 years,Thousand persons,Total,Albania,2025,
Annual,From 15 to 74 years,Thousand persons,Total,Serbia,2014,627.0
Annual,From 15 to 74 years,Thousand persons,Total,Serbia,2015,570.0
Annual,From 15 to 74 years,Thousand persons,Total,Serbia,2016,506.0
Annual,From 15 to 74 years,Thousand persons,Total,Serbia,2017,450.0
Annual,From 15 to 74 years,Thousand persons,Total,Serbia,2018,426.0
Annual,From 15 to 74 years,Thousand persons,Total,Serbia,2019,343.0
Annual,From 15 to 74 years,Thousand persons,Total,Serbia,2020,290.0
Annual,From 15 to 74 years,Thousand persons,Total,Serbia,2021,344.0
Annual,From 15 to 74 years,Thousand persons,Total,Serbia,2022,296.0
Annual,From 15 to 74 years,Thousand persons,Total,Serbia,2023,296.0
Annual,From 15 to 74 years,Thousand persons,Total,Serbia,2024,272.0
Annual,From 15 to 74 years,Thousand persons,Total,Serbia,2025,272.0
Annual,From 15 to 74 years,Thousand persons,Total,Türkiye,2014,2843.0
Annual,From 15 to 74 years,Thousand persons,Total,Türkiye,2015,3035.0
Annual,From 15 to 74 years,Thousand persons,Total,Türkiye,2016,3308.0
Annual,From 15 to 74 years,Thousand persons,Total,Türkiye,2017,3421.0
Annual,From 15 to 74 years,Thousand persons,Total,Türkiye,2018,3512.0
Annual,From 15 to 74 years,Thousand persons,Total,Türkiye,2019,4445.0
Annual,From 15 to 74 years,Thousand persons,Total,Türkiye,2020,4045.0
Annual,From 15 to 74 years,Thousand persons,Total,Türkiye,2021,3915.0
Annual,From 15 to 74 years,Thousand persons,Total,Türkiye,2022,3591.0
Annual,From 15 to 74 years,Thousand persons,Total,Türkiye,2023,3274.0
Annual,From 15 to 74 years,Thousand persons,Total,Türkiye,2024,3113.0
Annual,From 15 to 74 years,Thousand persons,Total,Türkiye,2025,2970.0
Annual,From 15 to 74 years,Thousand persons,Total,Bosnia and Herzegovina,2014,
Annual,From 15 to 74 years,Thousand persons,Total,Bosnia and Herzegovina,2015,
Annual,From 15 to 74 years,Thousand persons,Total,Bosnia and Herzegovina,2016,
Annual,From 15 to 74 years,Thousand persons,Total,Bosnia and Herzegovina,2017,
Annual,From 15 to 74 years,Thousand persons,Total,Bosnia and Herzegovina,2018,
Annual,From 15 to 74 years,Thousand persons,Total,Bosnia and Herzegovina,2019,
Annual,From 15 to 74 years,Thousand persons,Total,Bosnia and Herzegovina,2020,
Annual,From 15 to 74 years,Thousand persons,Total,Bosnia and Herzegovina,2021,242.0
Annual,From 15 to 74 years,Thousand persons,Total,Bosnia and Herzegovina,2022,211.0
Annual,From 15 to 74 years,Thousand persons,Total,Bosnia and Herzegovina,2023,181.0
Annual,From 15 to 74 years,Thousand persons,Total,Bosnia and Herzegovina,2024,179.0
Annual,From 15 to 74 years,Thousand persons,Total,Bosnia and Herzegovina,2025,173.0
